id,name,posteam
00-0032104,A.Abdullah,"CAR, DET, MIN"
00-0000129,A.Aldridge,DET
00-0000003,A.al-Jabbar,"CLE, IND, MIA"
00-0028163,A.Allen,BAL
00-0028565,A.Allen,CHI
00-0025533,A.Allison,MIN
00-0030789,A.Andrews,TEN
00-0033296,A.Armah,"CAR, NO"
00-0026465,A.Armstrong,WAS
00-0023459,"Aa.Rodgers, A.Rodgers",GB
00-0035602,A.Bachman,NYG
00-0035061,A.Bars,CHI
00-0022064,A.Battle,SF
00-0034959,A.Beck,DEN
00-0027654,A.Benn,TB
00-0029050,A.Blake,TEN
00-0031075,A.Blue,HOU
00-0022084,A.Boldin,"ARI, BAL, SF"
00-0028125,A.Bradford,TB
00-0025637,A.Bradshaw,"IND, NYG"
00-0036171,A.Brewer,TEN
00-0001823,A.Brooks,"LV, NO"
00-0021425,A.Brown,"BUF, WAS"
00-0027094,A.Brown,"DEN, NYG"
00-0027129,A.Brown,DET
00-0027793,A.Brown,"NE, PIT, TB"
00-0035676,A.Brown,TEN
00-0021191,A.Bryant,"CLE, DAL, TB"
00-0026237,A.Caldwell,"CIN, DEN"
00-0034772,A.Callaway,CLE
00-0002713,"A.Carter, T.Carter","DEN, NE"
00-0019794,A.Cason,"DAL, DET, LA"
00-0019997,A.Chatman,"CIN, GB"
00-0021528,A.Cobourne,DET
00-0035190,A.Cole,LV
00-0027092,A.Collie,IND
00-0032426,A.Collins,"BAL, SEA"
00-0003378,A.Connell,"NO, WAS"
00-0031544,A.Cooper,"DAL, LV"
00-0003610,A.Craver,NO
00-0024234,A.Cromartie,NYJ
00-0027973,A.Dalton,"CHI, CIN, DAL"
00-0028957,A.Davis,"CLE, LA, SEA"
00-0021175,"A.Davis, Andre' Davis","CLE, NE"
00-0004200,A.Denson,"CHI, IND, MIA"
00-0036265,A.Dillon,GB
00-0027772,A.Dixon,"BUF, SF"
00-0035021,A.Dulin,IND
00-0022883,"A.Echemandu, J.Echemandu","CLE, HOU"
00-0027692,A.Edwards,"CAR, CLE"
00-0033699,A.Ekeler,LAC
00-0030287,A.Ellington,"ARI, HOU"
00-0032543,A.Erickson,CIN
00-0020305,A.Feeley,"LA, MIA, PHI"
00-0026796,A.Foster,"HOU, MIA"
00-0005562,A.Freeman,GB
00-0036340,A.Gandy-Golden,WAS
00-0036328,A.Gibson,WAS
00-0006197,A.Graham,ARI
00-0006305,A.Green,"GB, HOU, SEA"
00-0027942,A.Green,CIN
00-0028034,A.Green,"GB, NYJ"
00-0021385,A.Gurode,DAL
00-0006627,A.Hakim,"DET, LA"
00-0023764,A.Hall,DEN
00-0024489,A.Hall,TEN
00-0021750,A.Harris,"DET, LA"
00-0031830,A.Harris,GB
00-0007093,A.Hastings,NO
00-0027918,A.Hawkins,"CIN, CLE"
00-0023714,A.Haynes,CAR
00-0027713,A.Hernandez,NE
00-0029657,A.Hicks,CHI
00-0035632,A.Hooker,TEN
00-0032009,A.Humphries,"TB, TEN"
00-0031743,A.Hunt,"HOU, KC"
00-0035125,A.Ingold,LV
00-0035527,A.Isabella,ARI
00-0033878,A.Jackson,TEN
00-0032956,A.Janovich,"CLE, DEN"
00-0029137,A.Jeffery,"CHI, PHI"
00-0029654,A.Jenkins,KC
00-0024398,A.Jennings,ATL
00-0008430,A.Johnson,"CAR, JAX"
00-0022044,A.Johnson,HOU
00-0022079,A.Johnson,"ARI, DAL"
00-0029729,A.Johnson,NO
00-0023441,A.Jones,TEN
00-0033293,A.Jones,GB
00-0033906,A.Kamara,NO
00-0036000,A.Killins,PHI
00-0025576,A.Koets,NYG
00-0034521,A.Lazard,GB
00-0009738,A.Lee,"LA, PHI"
00-0022824,A.Lee,"ARI, SF"
00-0021152,A.Lelie,DEN
00-0027539,A.Levine,BAL
00-0027027,A.Levitre,BUF
00-0027346,"Alf.Smith, A.Smith","ARI, SF"
00-0029668,A.Luck,IND
00-0010194,A.Lynn,DEN
00-0026997,A.Mack,"ATL, CLE, SF"
00-0021921,A.Madise,DEN
00-0034972,A.Mattison,MIN
00-0031288,A.McCarron,"CIN, HOU, LV"
00-0010717,"A. McCollum, A.McCollum",LA
00-0036336,A.McFarland,PIT
00-0019510,A.Merritt,CHI
00-0034353,A.Miller,CHI
00-0029141,A.Morris,"ARI, DAL, NYG, SF, WAS"
00-0032406,A.Morrison,IND
00-0036991,Am.Rodgers,GB
00-0011869,A.Murrell,"ARI, DAL, WAS"
00-0020403,"An.Thomas, A.Thomas","BUF, CHI, DAL, NO"
00-0023561,A.Pearman,JAX
00-0021306,A.Peterson,CHI
00-0025394,A.Peterson,"ARI, DET, MIN, NO, SEA, TEN, WAS"
00-0028016,A.Pettis,LA
00-0036208,A.Pierce,CHI
00-0022006,A.Pinner,"ATL, DET, MIN"
00-0021936,A.Pinnock,LAC
00-0025494,A.Pittman,LA
00-0025488,A.Podlesh,"CHI, JAX"
00-0036727,A.Prentice,NO
00-0021190,"A. Randle El, A.Randle El","PIT, WAS"
00-0031958,A.Reiter,"KC, MIA"
00-0018588,A.Ricard,BAL
00-0031612,A.Ripkowski,GB
00-0027691,A.Roberts,"ARI, BUF, LAC, NYJ, WAS"
00-0028116,A.Robinson,WAS
00-0031428,"A.Robinson, A.Robinson II",CHI
00-0023443,A.Rolle,ARI
00-0014071,A.Rossum,"ATL, GB, SF"
00-0028706,"Ar.Smith, A.Smith","CAR, CLE"
00-0030550,A.Sanders,JAX
00-0023950,A.Schable,ARI
00-0036999,A.Schwartz,CLE
00-0027914,A.Sendejo,MIN
00-0028074,A.Sherman,"ARI, KC"
00-0015082,A.Smith,CIN
00-0015091,A.Smith,"BUF, NE, NO, TEN"
00-0023436,A.Smith,"KC, SF, WAS"
00-0026855,A.Smith,"ATL, CHI, TB"
00-0015601,A.Stecker,"ATL, NO, TB"
00-0022788,A.Stepanovich,CIN
00-0033916,A.Stewart,NYJ
00-0029623,A.Tanney,"NYG, TEN"
00-0030035,A.Thielen,MIN
00-0016550,A.Toomer,NYG
00-0016838,A.Van Pelt,BUF
00-0016919,A.Vinatieri,NE
00-0023504,A.Walter,LV
00-0035187,A.Walter,"NYJ, SF"
00-0017611,A.Whitted,"JAX, LV"
00-0031055,A.Williams,"LAC, NYG"
00-0036188,A.Williams,BUF
00-0030669,A.Wilson,"KC, MIA"
00-0035378,A.Wingard,JAX
00-0018272,A.Wright,"BAL, CIN, DAL, NYG"
00-0025955,A.Young,MIN
00-0018501,A.Zereoue,"LV, NE, PIT"
00-0032482,B.Addison,CHI
00-0036261,B.Aiyuk,SF
00-0032434,B.Allen,"CIN, DEN"
00-0034804,B.Allen,LA
00-0029692,B.Anger,"DAL, HOU, JAX, TB"
00-0022003,B.Askew,"NYJ, TB"
00-0027618,B.Banks,WAS
00-0000727,B.Banta,DET
00-0000754,B.Barker,"JAX, WAS"
00-0000838,B.Bartholomew,CHI
00-0023859,B.Basanez,CAR
00-0028170,B.Batch,PIT
00-0032062,B.Bell,"DAL, KC"
00-0001098,B.Bennett,"CAR, CIN"
00-0023158,B.Berlin,LA
00-0022807,B.Berrian,"CHI, MIN"
00-0034419,B.Berrios,NYJ
00-0029239,B.Bolden,"MIA, NE"
00-0026607,B.Bolen,JAX
00-0022026,B.Bollinger,"DAL, MIN, NYJ"
00-0031407,B.Bortles,"JAX, LA"
00-0001611,B.Boyer,CLE
00-0034281,B.Bozeman,BAL
00-0001785,B.Brister,"DEN, MIN"
00-0026196,B.Brohm,BUF
00-0029429,B.Brown,"BUF, PHI, SEA"
00-0032844,B.Burks,NYJ
00-0024289,B.Calhoun,DET
00-0002970,B.Christian,ATL
00-0026516,B.Colquitt,"DEN, MIN"
00-0003395,B.Conway,WAS
00-0031236,B.Cooks,"HOU, LA, NE, NO"
00-0024300,B.Croyle,KC
00-0029795,B.Cunningham,"CHI, LA"
00-0030120,B.Daniels,HOU
00-0036384,B.DiNucci,DAL
00-0023438,B.Edwards,"CLE, NYJ"
00-0036365,B.Edwards,LV
00-0021993,"Be.Johnson, B.Johnson","MIN, NE"
00-0031326,B.Ellington,"DET, HOU, SF"
00-0004888,B.Emanuel,MIA
00-0004915,B.Engram,"CHI, SEA"
00-0005106,B.Favre,"GB, MIN, NYJ"
00-0025612,B.Fields,MIA
00-0031779,B.Finney,PIT
00-0021938,B.Forsey,"CHI, MIA"
00-0030670,B.Fowler,NYG
00-0019644,B.Franks,GB
00-0005592,B.Fricke,DAL
00-0027948,B.Gabbert,"ARI, JAX, SF, TB, TEN"
00-0027282,B.Garland,SF
00-0020417,B.Gay,CLE
00-0026937,B.Gibson,LA
00-0035859,B.Gillikin,NO
00-0019302,B.Gilmore,"ARI, SF"
00-0024408,B.Gradkowski,"CIN, CLE, LV, PIT, TB"
00-0022954,B.Graham,NYJ
00-0025860,B.Green-Ellis,"CIN, NE"
00-0006423,"B. Griese, B.Griese","CHI, DEN, LV, MIA, TB"
00-0006562,B.Gutierrez,SF
00-0006803,B.Hanspard,ATL
00-0027077,B.Hartline,MIA
00-0032298,B.Hill,"ARI, JAX"
00-0033567,B.Hill,"ATL, CIN"
00-0007530,B.Hobert,NO
00-0019100,B.Hoover,CAR
00-0034449,"B.Howell, G.Howell","HOU, LA"
00-0026625,B.Hoyer,"ARI, CHI, CLE, HOU, IND, NE, SF"
00-0007832,B.Hoying,LV
00-0007834,B.Huard,"IND, SEA"
00-0031589,B.Hundley,"ARI, GB"
00-0025450,B.Jackson,"CLE, GB"
00-0023545,B.Jacobs,"NYG, SF"
00-0019548,B.Jennings,SF
00-0008442,B.Johnson,"DAL, MIN, TB, WAS"
00-0019172,B.Johnson,"CHI, WAS"
00-0022156,"B.Johnson, Bry.Johnson","ARI, HOU"
00-0020715,B.Jones,NYG
00-0023531,B.Jones,TEN
00-0025825,B.Kern,TEN
00-0027681,B.LaFell,"CAR, CIN, NE"
00-0019084,B.LaFleur,SF
00-0022177,B.Leftwich,"ATL, JAX, PIT, TB"
00-0025439,B.Leonard,"CIN, LA, TB"
00-0019194,B.Liddiard,MIN
00-0022097,B.Lloyd,"DEN, LA"
00-0036313,B.Mann,NYJ
00-0020342,B.Manumaleuna,"LA, LAC"
00-0031818,B.Marquez,LA
00-0024334,B.Marshall,"CHI, DEN, MIA"
00-0032964,B.Marshall,"PHI, WAS"
00-0034855,B.Mayfield,CLE
00-0010609,"B. Maynard, B.Maynard",CHI
00-0023497,B.McFadden,PIT
00-0029822,B.McManus,DEN
00-0018956,B.Meester,JAX
00-0026712,B.Miller,LA
00-0028149,B.Miller,SF
00-0033069,B.Miller,HOU
00-0011341,B.Milne,"CIN, NO"
00-0030558,B.Mingo,CHI
00-0011392,B.Mitchell,GB
00-0011399,B.Mitchell,"NYG, PHI, WAS"
00-0011626,B.Moorman,BUF
00-0011675,B.Morris,KC
00-0029304,B.Nortman,"CAR, JAX"
00-0024463,B.Obomanu,SEA
00-0031277,B.Oliver,LAC
00-0012370,B.Olivo,DET
00-0029682,B.Osweiler,"DEN, HOU, MIA"
00-0012603,B.Parmalee,NYJ
00-0026931,B.Pascoe,NYG
00-0032054,B.Perriman,"BAL, CLE, NYJ, TB"
00-0022733,B.Perry,PHI
00-0031568,B.Petty,NYJ
00-0029264,B.Pierce,"BAL, JAX"
00-0032065,B.Pinion,SF
00-0021427,B.Pittman,HOU
00-0028064,B.Powell,NYJ
00-0034646,B.Powell,"ATL, DET"
00-0034762,B.Price,CIN
00-0025409,B.Quinn,"CLE, KC"
00-0029384,B.Rainey,"BAL, CLE, NYG, TB"
00-0026985,B.Raji,GB
00-0030743,B.Reedy,TB
00-0013797,B. Robbins,LV
00-0022924,B.Roethlisberger,PIT
00-0020199,B.Russell,MIN
00-0034955,B.Rypien,DEN
00-0028602,B.Saine,GB
00-0022449,B.Sams,BAL
00-0022857,B.Sander,GB
00-0031413,B.Sankey,TEN
00-0023612,B.Scaife,TEN
00-0034432,B.Scarbrough,"DET, SEA"
00-0014489,B.Schroeder,"DET, GB"
00-0026941,B.Scott,"BAL, CIN"
00-0034414,B.Scott,PHI
00-0014729,B.Shaw,LAC
00-0024318,B.Smith,"BUF, NYJ, PHI"
00-0035217,"B.Snell, B.Snell Jr.",PIT
00-0019681,B.St. Louis,CIN
00-0015754,B.Stokley,"BAL, DEN"
00-0022101,"B.St. Pierre, St. Pierre","ARI, CAR, PIT"
00-0023965,B.Stutz,SEA
00-0027057,B.Tate,"BUF, CIN, NE"
00-0027890,B.Tate,"CLE, HOU, MIN, PIT"
00-0016534,B.Tolliver,NO
00-0032724,B.Treggs,"CLE, PHI"
00-0022916,B.Troupe,TEN
00-0019456,B.Urlacher,CHI
00-0022774,B.Van Pelt,DEN
00-0019041,B.Volek,"LAC, TEN"
00-0022144,B.Wade,"CHI, KC, MIN, TEN"
00-0027595,B.Walters,"JAX, SEA"
00-0022943,B.Watson,"CLE, NE"
00-0029677,B.Weeden,"CLE, DAL, HOU"
00-0021216,B.Westbrook,"PHI, SF"
00-0032593,B.Wilds,"JAX, NYJ"
00-0033434,B.Wilson,TB
00-0030142,B.Wing,PIT
00-0034052,B.Zylstra,CAR
00-0021006,C.Adams,DEN
00-0036414,C.Akers,LA
00-0026578,C.Anderson,IND
00-0029854,C.Anderson,"CAR, DEN, DET, LA"
00-0031599,C.Artis-Payne,CAR
00-0000585,C.Bailey,WAS
00-0029747,C.Banjo,ARI
00-0023858,C.Barclay,TEN
00-0000865,C.Batch,"DET, PIT"
00-0034652,C.Batson,TEN
00-0029000,C.Beasley,"BUF, DAL"
00-0033936,C.Beathard,"JAX, SF"
00-0023439,C.Benson,"CHI, CIN, GB"
00-0033367,C.Board,NYG
00-0034721,C.Bojorquez,BUF
00-0031136,C.Boswell,PIT
00-0001627,C.Bradford,HOU
00-0026745,C.Brinkley,LAC
00-0022092,C.Brown,"HOU, TEN"
00-0027101,C.Brown,BUF
00-0031118,C.Brown,CAR
00-0020270,C.Buckhalter,"DEN, PHI"
00-0033594,C.Carson,SEA
00-0002721,C.Carter,MIN
00-0020446,C.Chambers,"LAC, MIA"
00-0002876,C.Chandler,"ATL, CHI, LA"
00-0028112,C.Clay,MIA
00-0036326,C.Claypool,PIT
00-0003103,C.Cleeland,LA
00-0033725,C.Clement,"DAL, PHI"
00-0027115,C.Clemons,MIA
00-0022872,C.Cobbs,"DEN, NE"
00-0019661,C.Cole,DEN
00-0032966,C.Coleman,"CLE, NYG"
00-0003271,C.Collins,MIA
00-0032128,C.Conley,HOU
00-0003396,C.Conway,"CHI, LAC"
00-0032893,C.Cook,LV
00-0022738,C.Cooley,WAS
00-0022167,C.Crocker,CIN
00-0021918,C.Dach,NYG
00-0024796,C.Dahl,SF
00-0026544,C.Daniel,"CHI, DET, KC, LAC, NO, PHI"
00-0022434,C.Davis,PIT
00-0025417,C.Davis,LAC
00-0025794,C.Davis,NYJ
00-0033871,C.Davis,TEN
00-0024698,C.Dawson,IND
00-0004304,C.Dillon,"CIN, NE"
00-0004386,C.Doering,WAS
00-0004595,C.Dukes,JAX
00-0034681,C.Edmonds,ARI
00-0036360,C.Edwards-Helaire,KC
00-0004916,C.Enis,CHI
00-0032145,C.Erving,CLE
00-0004972,C.Evans,BAL
00-0036857,C.Evans,CIN
00-0023547,C.Fason,MIN
00-0032807,C.Fejedelem,"CIN, MIA"
00-0029697,C.Fleener,NO
00-0005348,C.Floyd,NE
00-0023502,C.Frye,"CLE, LV, SEA"
00-0005620,C.Fuamatu-Ma'afala,"JAX, PIT"
00-0005771,C.Gardocki,PIT
00-0005779,C.Garner,"LV, SF, TB"
00-0029614,C.Givens,"BAL, LA"
00-0033921,C.Godwin,TB
00-0031731,C.Grant,JAX
00-0029298,C.Gray,KC
00-0033215,C.Grayson,TB
00-0006410,C.Greisen,ARI
00-0027555,C.Gresham,SEA
00-0006482,C.Groce,CIN
00-0027419,C.Gronkowski,DAL
00-0027188,C.Hall,PHI
00-0032918,C.Ham,MIN
00-0025970,C.Hanie,CHI
00-0006799,C.Hanson,JAX
00-0025515,Ch.Davis,TEN
00-0026197,C.Henne,"JAX, KC, MIA"
00-0025437,C.Henry,TEN
00-0028427,C.Henry,PHI
00-0007308,C.Hentrich,TEN
00-0007357,C.Hetherington,"CAR, LA, LV, SF"
00-0030113,Ch.Johnson,MIN
00-0028237,C.Hogan,"BUF, NE"
00-0023222,C.Holiday,GB
00-0021424,C.Horn,KC
00-0023615,C.Houston,NYJ
00-0007795,C.Howard,JAX
00-0029963,C.Hubbard,PIT
00-0036555,C.Hubbard,CAR
00-0020562,C.Hutchinson,"CHI, DAL"
00-0031045,C.Hyde,"CLE, HOU, JAX, SEA, SF"
00-0027531,C.Ivory,"BUF, JAX, NO, NYJ"
00-0024251,C.Jackson,NE
00-0027167,C.Jennings,CLE
00-0008454,C.Johnson,PHI
00-0025389,C.Johnson,DET
00-0026164,C.Johnson,"ARI, NYJ, TEN"
00-0020397,"C.Johnson, C.Ochocinco",CIN
00-0008704,C.Jones,LAC
00-0028128,C.Jones,CAR
00-0028664,C.Jones,DAL
00-0033098,C.Jones,BUF
00-0027974,C.Kaepernick,SF
00-0019466,C.Keaton,"CIN, NO"
00-0028986,C.Keenum,"CLE, DEN, HOU, LA, MIN, WAS"
00-0033597,C.Kelly,DEN
00-0033104,C.Kessler,"CLE, JAX"
00-0034775,C.Kirk,ARI
00-0023060,C.Kluwe,MIN
00-0036290,C.Kmet,CHI
00-0022818,C.Krenzel,CHI
00-0033908,C.Kupp,LA
00-0036358,C.Lamb,DAL
00-0031344,C.Latimer,DEN
00-0019505,C.Lee,TB
00-0020565,C.Lemon,"JAX, MIA"
00-0031019,C.Linsley,GB
00-0026317,C.Lynch,IND
00-0027378,C.Maragos,SEA
00-0010436,C.Martin,PHI
00-0010442,C.Martin,NYJ
00-0021345,C.Massey,LA
00-0033280,C.McCaffrey,CAR
00-0027688,C.McCoy,"ARI, CLE, NYG, SF, WAS"
00-0033011,C.McGovern,DEN
00-0020804,C.McIntyre,BUF
00-0011044,C.McNown,CHI
00-0031912,C.Meredith,CHI
00-0030432,C.Michael,"DAL, GB, IND, SEA"
00-0011244,C.Miller,DEN
00-0027776,C.Mitchell,CLE
00-0011463,C.Mohr,"ATL, BUF"
00-0028876,C.Mooney,TEN
00-0032398,C.Moore,BAL
00-0035327,C.Moore,DET
00-0026963,C.Morrah,SEA
00-0019590,C.Morton,"NO, NYG, NYJ, WAS"
00-0023633,C.Myers,HOU
00-0011905,C.Naeole,JAX
00-0021277,C.Nall,GB
00-0027939,C.Newton,"CAR, NE"
00-0027140,C.Ogbonnaya,"CAR, CLE, HOU, LA"
00-0020255,C.Okobi,PIT
00-0028905,C.Owusu,NYJ
00-0027134,C.Painter,"IND, NYG"
00-0021429,C.Palmer,"ARI, CIN, LV"
00-0030578,C.Patterson,"ATL, CHI, LV, MIN, NE"
00-0026932,C.Peerman,CIN
00-0019559,C.Pennington,"MIA, NYJ"
00-0022926,C.Perry,CIN
00-0012953,C.Pickens,CIN
00-0022731,C.Pickett,SF
00-0029438,C.Polk,"HOU, PHI"
00-0027950,C.Ponder,MIN
00-0021179,C.Portis,"DEN, WAS"
00-0026723,C.Pressley,"CIN, TB"
00-0028059,C.Prosinski,CHI
00-0032393,C.Prosise,"HOU, SEA"
00-0020450,C.Rabach,WAS
00-0029140,C.Rainey,PIT
00-0019709,C.Redman,"ATL, BAL"
00-0035567,C.Reynolds,"DET, JAX"
00-0034837,C.Ridley,ATL
00-0023503,C.Roby,TEN
00-0022072,C.Rogers,DET
00-0032355,C.Rogers,"IND, TEN"
00-0024148,C.Ross,BAL
00-0033529,C.Roullier,WAS
00-0033662,C.Rush,DAL
00-0021212,C.Russell,CIN
00-0033282,C.Samuel,"CAR, WAS"
00-0031203,C.Santos,KC
00-0021845,C.Sapp,"DEN, HOU"
00-0014384,C.Sauter,CHI
00-0026366,C.Schilens,LV
00-0014450,C.Schlesinger,DET
00-0030551,C.Schmidt,BUF
00-0030661,C.Shaw,CLE
00-0028052,"C.Shorts, C.Shorts III","HOU, JAX"
00-0022005,C.Simms,"DEN, TB, TEN"
00-0025997,C.Simpson,IND
00-0034104,C.Sims,WAS
00-0031390,"C.Sims, C.Sims III",TB
00-0026113,C.Smith,TB
00-0023461,C.Spencer,"SEA, TEN"
00-0027861,C.Spiller,"BUF, KC, NO, NYJ, SEA"
00-0020849,C.Stackhouse,MIN
00-0015550,C.Stanley,HOU
00-0019442,C.Stoerner,DAL
00-0035752,C.Streveler,ARI
00-0025622,C.Stuckey,"CLE, NYJ"
00-0034348,C.Sutton,DEN
00-0021314,C.Taylor,"ARI, BAL, CHI, MIN"
00-0023844,C.Taylor,HOU
00-0030404,C.Thompson,"JAX, WAS"
00-0029959,C.Tinker,JAX
00-0034064,C.Wadman,DEN
00-0017209,C.Warren,"DAL, PHI"
00-0026353,C.Washington,"DAL, JAX"
00-0017337,C.Way,NYG
00-0020434,C.Weinke,"CAR, SF"
00-0017415,C.Weldon,WAS
00-0027007,C.Wells,ARI
00-0032950,C.Wentz,"IND, PHI"
00-0030668,C.West,KC
00-0032768,C.Whitehair,CHI
00-0024296,C.Whitehurst,"CLE, IND, LAC, SEA, TEN"
00-0017638,C.Wiegmann,KC
00-0023440,C.Williams,"LA, TB"
00-0026691,C.Williams,CHI
00-0033933,C.Williams,ARI
00-0020452,C.Wilson,"PIT, SF"
00-0034418,C.Wilson,DAL
00-0030248,C.Wood,"BUF, HOU"
00-0018227,C.Woodson,LV
00-0018382,C.Yeast,CIN
00-0028309,C.Yount,CLE
00-0028496,D.Aiken,NE
00-0032187,"Da.Johnson, D.Johnson","ARI, HOU"
00-0000108,D.Akers,"PHI, SF"
00-0000145,D.Alexander,KC
00-0027912,D.Alexander,LAC
00-0020058,D.Allen,JAX
00-0029689,D.Allen,IND
00-0026035,D.Amendola,"DET, HOU, LA, MIA, NE"
00-0030874,"Dam. Williams, Dam.Williams, D.Williams","CHI, KC, MIA"
00-0021048,D.Anderson,ARI
00-0023645,D.Anderson,"ARI, BUF, CAR, CLE"
00-0025582,D.Anderson,DAL
00-0031392,D.Archer,PIT
00-0034301,"Darr.Williams, Dar.Williams, Da.Williams, D.Williams",KC
00-0021330,Daryl Jones,NYG
00-0028179,D.Ausberry,LV
00-0000534,D.Autry,PHI
00-0026173,D.Avery,"IND, KC, LA"
00-0032365,D.Ayers,PIT
00-0023468,D.Baas,SF
00-0028434,D.Baldwin,SEA
00-0021371,D.Barnes,DAL
00-0000869,D.Bates,CHI
00-0001101,D.Bennett,LAC
00-0001102,D.Bennett,"KC, WAS"
00-0019976,D.Bennett,TEN
00-0026000,D.Bess,MIA
00-0001255,D.Binn,LAC
00-0020315,D.Blaylock,"KC, NYJ"
00-0001361,"D. Bledsoe, D.Bledsoe","BUF, DAL, NE"
00-0035040,D.Blough,DET
00-0033256,D.Bond,IND
00-0032972,D.Booker,"DEN, LV, NYG"
00-0001532,D.Boston,"ARI, LAC"
00-0025410,D.Bowe,KC
00-0021192,D.Branch,"NE, SEA"
00-0020531,"D. Brees, D.Brees","LAC, NO"
00-0027789,D.Briscoe,WAS
00-0001907,D.Brown,ARI
00-0020376,D.Brown,"CAR, KC"
00-0021434,D.Brown,PIT
00-0027003,D.Brown,"IND, LAC"
00-0036626,D.Brown,WAS
00-0027083,D.Bruton,DEN
00-0027902,D.Bryant,DAL
00-0027063,D.Butler,SEA
00-0028952,D.Butler,ARI
00-0031868,D.Byrd,"CAR, NE"
00-0020608,D.Carr,"CAR, HOU, NYG, SF"
00-0031280,D.Carr,LV
00-0029119,D.Carrier,"LV, SF"
00-0022879,D.Carter,CAR
00-0028057,D.Carter,IND
00-0031763,D.Carter,"CHI, HOU, WAS"
00-0019712,D.Chapman,MIN
00-0034777,D.Chark Jr.,JAX
00-0002942,D.Chiaverini,DAL
00-0022165,D.Clark,IND
00-0025544,D.Clowney,NYJ
00-0003140,D.Coakley,DAL
00-0032133,D.Cobb,TEN
00-0029068,D.Coleman,"ARI, ATL, SEA"
00-0023534,D.Colquitt,KC
00-0033893,D.Cook,MIN
00-0003600,D.Craig,CAR
00-0035448,D.Crockett,DEN
00-0003739,D.Culpepper,"DET, LV, MIA, MIN"
00-0036425,D.Dallas,SEA
00-0021979,D.Davis,HOU
00-0028863,D.Davis,ATL
00-0034654,D.Dawkins,TEN
00-0027819,D.Dickerson,BUF
00-0026296,D.Dixon,PIT
00-0023806,D.Dorsey,CIN
00-0004541,D.Driver,GB
00-0036331,D.Duvernay,BAL
00-0036493,De.Jackson,IND
00-0024044,D.Ellis,DET
00-0024389,"Del.Walker, D.Walker","SF, TEN"
00-0036620,D.Eskridge,SEA
00-0036297,D.Evans,TEN
00-0024242,"De.Williams, D.Williams","CAR, PIT"
00-0031076,D.Fales,"CHI, MIA, NYJ"
00-0036654,D.Felton,CLE
00-0030711,D.Fluellen,TEN
00-0005363,"D. Flutie, D.Flutie","BUF, LAC, NE"
00-0033925,D.Foreman,"HOU, TEN"
00-0021164,D.Foster,"CAR, SF"
00-0032577,D.Foster,"ARI, NE"
00-0031285,D.Freeman,"ATL, BAL, NYG"
00-0021500,D.Frost,"CLE, GB, WAS"
00-0022102,D.Gabriel,LV
00-0021231,D.Garrard,JAX
00-0027795,D.Gettis,CAR
00-0005932,D.Gibson,JAX
00-0028646,D.Gilreath,PIT
00-0021353,D.Givens,"NE, TEN"
00-0025513,D.Goldson,"SF, TB"
00-0035715,D.Gore,KC
00-0034358,D.Guice,WAS
00-0019539,D.Hall,"KC, LA"
00-0028114,D.Harris,"DAL, LV, NYG"
00-0028409,D.Harris,"GB, JAX, SEA, SF"
00-0035215,D.Harris,NO
00-0035657,D.Harris,NE
00-0035848,D.Harris,IND
00-0035232,D.Haskins,WAS
00-0007226,D.Hellestrae,BAL
00-0022929,D.Henderson,NO
00-0033581,D.Henderson,"DEN, NYJ"
00-0035664,D.Henderson,LA
00-0032764,D.Henry,TEN
00-0022181,D.Henson,"DAL, DET"
00-0029588,D.Herron,"BUF, CIN, IND"
00-0024272,D.Hester,"ATL, CHI"
00-0026983,D.Heyward-Bey,"IND, LV, PIT"
00-0034253,D.Hilliard,"CLE, TEN"
00-0024345,D.Hixon,NYG
00-0035577,D.Hodges,PIT
00-0030564,D.Hopkins,"ARI, HOU"
00-0007798,D.Howard,DET
00-0007835,D.Huard,"KC, MIA, NE"
00-0019663,D.Jackson,SEA
00-0026189,D.Jackson,"LV, PHI, TB, WAS"
00-0032636,D.Jackson,GB
00-0033049,D.Jackson,DAL
00-0025432,D.Jarrett,CAR
00-0031972,D.Jennings,TEN
00-0034827,"Dj.Moore, D.Moore",CAR
00-0008484,D.Johnson,"ARI, TB"
00-0019087,D.Johnson,"ATL, TEN"
00-0026957,D.Johnson,LAC
00-0029435,D.Johnson,"HOU, NE, PHI"
00-0030236,D.Johnson,HOU
00-0035216,D.Johnson,PIT
00-0035628,D.Johnson,CLE
00-0032257,"D.Johnson, D.Johnson Jr., Du.Johnson","CLE, HOU, MIA"
00-0022684,D.Jones,"LA, MIA, PHI"
00-0027518,D.Jones,BUF
00-0035710,D.Jones,NYG
00-0020564,D.Joyce,NYG
00-0009007,D.Kanell,"ATL, DEN"
00-0027779,D.Karim,"HOU, JAX"
00-0032896,D.Kaser,LAC
00-0026170,D.Keller,NYJ
00-0028101,D.Kilgore,MIA
00-0033899,D.Kizer,"CLE, GB"
00-0021955,D.Klecko,NE
00-0035640,"DK.Metcalf, D.Metcalf",SEA
00-0035689,D.Knox,BUF
00-0022019,D.Koppen,NE
00-0019135,D.Kreider,"LA, PIT"
00-0032804,D.Lasco,NO
00-0034726,D.Leavitt,LV
00-0025829,D.Legursky,PIT
00-0009829,D.Levens,"GB, NYG, PHI"
00-0028087,D.Lewis,"NE, NYG, PHI, TEN"
00-0035704,D.Lock,DEN
00-0019242,D.Looker,LA
00-0010107,D.Loville,DEN
00-0010379,D.Marino,MIA
00-0029613,D.Martin,"LV, TB"
00-0010500,D.Mason,"BAL, TEN"
00-0010589,D.May,SEA
00-0033304,D.Mays,GB
00-0020527,D.McAllister,NO
00-0020464,D.McCants,WAS
00-0027651,D.McCluster,"KC, LAC, TEN"
00-0027422,D.McCray,CHI
00-0026144,D.McFadden,"DAL, LV"
00-0010951,D.McKinley,ARI
00-0011022,D.McNabb,"MIN, PHI, WAS"
00-0036898,D.Mills,HOU
00-0036671,D.Milne,WAS
00-0031339,D.Moncrief,"IND, NE"
00-0035685,D.Montgomery,CHI
00-0036309,D.Mooney,CHI
00-0026620,D.Moore,IND
00-0028086,D.Moore,LV
00-0033589,D.Moore,SEA
00-0028009,D.Murray,"DAL, PHI, TEN"
00-0027201,D.Nance,GB
00-0023576,D.Nash,"DEN, TEN"
00-0034565,D.Newsome,LAC
00-0022100,D.Nickey,TEN
00-0033885,D.Njoku,CLE
00-0019650,D.Northcutt,"CLE, JAX"
00-0029058,D.Nowak,SEA
00-0028000,"Dn.Thomas, D.Thomas",MIA
00-0033854,D.Ogunbowale,"JAX, TB"
00-0019645,D.O'Neal,DEN
00-0023578,D.Orlovsky,"DET, IND, TB"
00-0035184,D.Ozigbo,"JAX, NO"
00-0012515,D.Palmer,MIN
00-0012556,D.Parker,GB
00-0012642,D.Patten,"NE, NO, NYG"
00-0012726,D.Pederson,"CLE, GB, PHI"
00-0012742,D.Pelfrey,CIN
00-0034860,D.Pettis,"NYG, SF"
00-0012946,D.Philyaw,NO
00-0029688,D.Poe,KC
00-0013108,D.Pope,"CIN, KC"
00-0029673,D.Posey,HOU
00-0033077,D.Prescott,DAL
00-0029463,D.Presley,CAR
00-0023556,D.Preston,BUF
00-0022091,D.Ragone,HOU
00-0020445,D.Raiola,DET
00-0031123,D.Reaves,CAR
00-0027755,D.Reed,BAL
00-0025951,D.Reynaud,TEN
00-0026574,D.Reynolds,PHI
00-0019863,D.Rhodes,"IND, LV"
00-0029612,D.Richardson,"LA, PIT"
00-0030547,D.Robinson,JAX
00-0030043,D.Rogers,IND
00-0025542,D.Rosario,CAR
00-0024189,D.Ross,KC
00-0035719,D.Samuel,SF
00-0014324,D.Sanders,"BAL, DAL"
00-0028352,D.Sanzenbacher,"CHI, CIN"
00-0026453,D.Savage,KC
00-0014544,D.Scott,DAL
00-0028159,D.Scott,NYG
00-0034256,D.Scott,NYG
00-0025499,D.Sepulveda,PIT
00-0029191,D.Shead,SEA
00-0014775,D.Shelton,"BUF, JAX"
00-0035250,D.Singletary,BUF
00-0035535,D.Slayton,NYG
00-0015152,D.Smith,DEN
00-0034798,D.Smythe,MIA
00-0031319,D.Spencer,DEN
00-0023564,D.Sproles,"LAC, NO, PHI"
00-0015523,D.Staley,"PHI, PIT"
00-0021147,D.Stallworth,"BAL, CLE, NE, NO, WAS"
00-0025636,D.Stanley,LA
00-0025430,D.Stanton,"ARI, DET"
00-0015759,D.Stone,NYJ
00-0015842,"D. Stryzinski, D.Stryzinski","KC, NYJ"
00-0036275,D.Swift,DET
00-0020513,"D. Terrell, D.Terrell",CHI
00-0024301,D.Thomas,NO
00-0026174,D.Thomas,WAS
00-0027874,D.Thomas,DEN
00-0031060,D.Thomas,"BAL, KC"
00-0016373,D.Thompson,WAS
00-0029388,D.Thompson,BUF
00-0033083,D.Thompson,DAL
00-0035148,D.Thompson,KC
00-0016686,D.Turk,WAS
00-0034201,D.Turner,"BAL, MIA"
00-0021927,D.Tyree,NYG
00-0032794,D.Vitale,GB
00-0024850,D.Walker,HOU
00-0031610,D.Waller,LV
00-0017160,D.Ward,"DAL, MIA, NYJ"
00-0022770,D.Ward,"HOU, NYG, TB"
00-0024559,D.Ware,"NYG, TB"
00-0017239,D.Washington,NYG
00-0032450,D.Washington,"DET, NO"
00-0032940,D.Washington,"KC, LV, MIA"
00-0033537,D.Watson,HOU
00-0032897,D.Watt,"LAC, PIT"
00-0022751,D.Watts,DEN
00-0033550,D.Webb,BUF
00-0033839,D.Westbrook,JAX
00-0019660,D.White,"ATL, CHI"
00-0027056,D.Williams,DET
00-0027893,D.Williams,TEN
00-0034427,D.Williams,JAX
00-0034995,D.Williams,GB
00-0029251,D.Wilson,NYG
00-0022970,D.Wimbush,JAX
00-0018150,D.Wohlabaugh,"CLE, LA"
00-0026019,D.Woodhead,"BAL, LAC, NE, NYJ"
00-0018234,D.Woody,NE
00-0025498,D.Wright,BUF
00-0018333,D.Wuerffel,"GB, NO, WAS"
00-0025615,D.Wynn,"GB, NO"
00-0026852,D.Young,WAS
00-0021235,D.Zastudil,"BAL, CLE"
00-0000121,E.Albright,BUF
00-0022771,E.Amano,TEN
00-0029317,E.Baker,"CLE, NO"
00-0036383,E.Benjamin,ARI
00-0001103,E.Bennett,CHI
00-0026210,E.Bennett,CHI
00-0001222,E.Beverly,DET
00-0022174,E.Bickerstaff,DAL
00-0001233,E.Bieniemy,PHI
00-0001281,E.Bjornson,DAL
00-0024738,E.Buckley,PHI
00-0003400,E.Conwell,LA
00-0027690,E.Decker,"DEN, TEN"
00-0027675,E.Dickson,SEA
00-0026784,"E.Dietrich-Smith, E.Smith",TB
00-0026221,E.Doucet,ARI
00-0020692,E.Drummond,"DET, KC"
00-0031387,E.Ebron,"DET, IND, PIT"
00-0033045,E.Elliott,DAL
00-0033881,E.Engram,NYG
00-0028049,E.Gates,"MIA, NYJ"
00-0005883,E.George,"DAL, TEN"
00-0023553,E.Ghiaciuc,CIN
00-0021755,E.Graham,TB
00-0006300,E.Grbac,"BAL, KC"
00-0032320,E.Harris,LV
00-0021341,E.Heitmann,SF
00-0008241,E.James,"ARI, IND, SEA"
00-0022105,"E. Johnson, E.Johnson",MIN
00-0019889,E.Joseph,JAX
00-0009163,E.Kennison,"CHI, DEN, KC, NO"
00-0009451,E.Kramer,LAC
00-0030485,E.Lacy,"GB, SEA"
00-0027844,E.Lorig,NO
00-0022803,E.Manning,NYG
00-0030526,E.Manuel,"BUF, LV"
00-0010650,E.McCaffrey,DEN
00-0020793,E.McCoo,PHI
00-0033295,E.McGuire,NYJ
00-0011151,E.Metcalf,"CAR, GB, WAS"
00-0011328,E.Mills,DAL
00-0036567,E.Mitchell,SF
00-0036980,E.Moore,NYJ
00-0011770,E.Moulds,"BUF, HOU"
00-0029098,E.Page,TB
00-0020904,E.Parker,LAC
00-0032813,E.Penny,"ARI, NYG"
00-0013622,E.Rhett,"BAL, CLE"
00-0032442,E.Roberts,NE
00-0031782,E.Rogers,PIT
00-0026182,E.Royal,"CHI, DEN, LAC"
00-0028115,E.Royster,WAS
00-0027685,E.Sanders,"BUF, DEN, NO, PIT, SF"
00-0023489,E.Shelton,CAR
00-0020794,E.Shepherd,HOU
00-0015165,E.Smith,"ARI, DAL"
00-0035282,E.Stick,LAC
00-0017301,E.Watson,PHI
00-0025424,E.Weddle,LAC
00-0024535,E.Weems,"ATL, TEN"
00-0026947,E.Williams,SEA
00-0022909,"E.Williams, R.Williams","DAL, DET"
00-0027004,E.Wood,BUF
00-0018483,E.Zeier,TB
00-0000942,F.Beasley,SF
00-0001582,F.Bownes,SEA
00-0026188,F.Davis,WAS
00-0036825,F.Franks,ATL
00-0023500,F.Gore,"BUF, IND, MIA, NYJ, SF"
00-0020780,F.Jackson,CLE
00-0024204,F.Jackson,"BUF, SEA"
00-0026162,F.Jones,"DAL, PIT"
00-0009599,F.Lane,CAR
00-0010632,F.McAfee,NO
00-0010747,F.McCrary,"LAC, NE"
00-0020497,F.Mitchell,PHI
00-0019471,F.Moreau,"JAX, KC"
00-0034345,F.Ragnow,DET
00-0014328,F.Sanders,ARI
00-0026926,F.Summers,BUF
00-0036247,F.Swain,SEA
00-0016098,F.Taylor,"JAX, NE"
00-0031332,F.Toussaint,"BAL, PIT"
00-0033127,"Fuller V, W.Fuller",HOU
00-0029731,F.Whittaker,"CAR, CLE"
00-0018115,F.Winters,GB
00-0018343,F.Wycheck,TEN
00-0032626,G.Allison,GB
00-0033950,"Gallman Jr, W.Gallman, W.Gallman Jr.","ATL, NYG"
00-0031158,G.Atkinson III,CLE
00-0030456,G.Bernard,"CIN, TB"
00-0035588,G.Bradbury,MIN
00-0036569,G.Brightwell,NYG
00-0001938,G.Brown,NYG
00-0023408,G.Camarillo,MIA
00-0027048,G.Coffee,SF
00-0003344,G.Comella,"NYG, TEN"
00-0003700,G.Crowell,DET
00-0036196,G.Davis,BUF
00-0004252,G.DiNapoli,TEN
00-0035500,G.Dortch,ARI
00-0034184,G.Edwards,BAL
00-0033895,G.Everett,"LA, SEA"
00-0031746,G.Farmer,SEA
00-0005379,G.Foley,SEA
00-0005589,"G. Frerotte, G.Frerotte","CIN, DEN, DET, LA, MIA, MIN"
00-0031395,G.Gilbert,"CAR, CLE, DAL, WAS"
00-0030476,G.Gilkey,TB
00-0029268,G.Gradkowski,BAL
00-0022112,G.Hamdan,WAS
00-0027602,G.Harrell,GB
00-0025337,G.Harris,KC
00-0007180,G.Hearst,"DEN, SF"
00-0007436,G.Hill,DET
00-0024174,G.Holt,CIN
00-0034614,G.Igwebuike,DET
00-0024267,G.Jennings,GB
00-0027098,G.Johnson,"ATL, NYG"
00-0008751,G.Jones,CLE
00-0022897,G.Jones,"HOU, JAX"
00-0033288,G.Kittle,SF
00-0020479,G.Layne,ATL
00-0021508,G.Lewis,PHI
00-0027997,G.Little,CLE
00-0028146,G.McElroy,NYJ
00-0011213,G.Milburn,CHI
00-0035289,"G.Minshew, G.Minshew II","JAX, PHI"
00-0035908,G.Nabers,LAC
00-0035645,G.Olszewski,NE
00-0014148,G.Ruegamer,NE
00-0024846,G.Russell,"LV, PIT"
00-0028050,G.Salas,"LA, NYJ"
00-0026844,G.Sanborn,BUF
00-0030565,G.Smith,"LAC, NYG, NYJ, SEA"
00-0027891,G.Tate,"DET, NYG, PHI, SEA"
00-0033733,G.Ward,PHI
00-0022341,G.Wilson,BUF
00-0030247,G.Winn,DET
00-0031459,G.Winston,CLE
00-0025480,G.Wolfe,CHI
00-0024013,H.Baskett,PHI
00-0019764,H.Burris,CHI
00-0026224,H.Douglas,"ATL, TEN"
00-0020507,H.Evans,"MIA, NE, NO, SEA"
00-0019133,H.Fraley,PHI
00-0019028,H.Goodman,GB
00-0006456,H.Griffith,DEN
00-0034830,H.Hurst,BAL
00-0028492,H.Hynoski,NYG
00-0023465,H.Miller,PIT
00-0011718,H.Morrow,MIN
00-0026346,H.Nakamura,CAR
00-0027005,H.Nicks,NYG
00-0034983,H.Renfrow,LV
00-0036357,H.Ruggs,LV
00-0014733,H.Shaw,NE
00-0015194,H.Smith,"IND, WAS"
00-0017162,H.Ward,PIT
00-0028564,I.Abdul-Quddus,DET
00-0036929,I.Book,NO
00-0002099,I.Bruce,"LA, SF"
00-0002469,I.Byrd,CAR
00-0030656,I.Crowell,"CLE, NYJ"
00-0033471,I.Ford,MIA
00-0005616,I.Fryar,WAS
00-0007468,I.Hilliard,"NYG, TB"
00-0024362,I.Martin,GB
00-0033466,I.McKenzie,"BUF, DEN"
00-0029626,I.Pead,"LA, MIA"
00-0026566,I.Redman,PIT
00-0021810,I.Smart,TB
00-0034378,I.Smith,"ATL, DAL"
00-0036142,I.Wright,WAS
00-0036100,I.Zuber,NE
00-0029271,J.Adams,CAR
00-0034457,"J.Adams, Jo.Adams","NYJ, PHI"
00-0024245,J.Addai,IND
00-0033572,J.Agnew,"DET, JAX"
00-0031590,J.Ajayi,"MIA, PHI"
00-0034364,J.Akins,HOU
00-0000210,J.Allen,"CHI, HOU"
00-0031577,J.Allen,"BAL, NYG"
00-0034857,J.Allen,BUF
00-0024292,J.Alston,LV
00-0000316,J.Anderson,ATL
00-0027660,J.Arenas,KC
00-0023479,J.Arrington,ARI
00-0029853,J.Aubrey,CLE
00-0024324,J.Avant,"CAR, PHI"
00-0000541,J.Avery,"DEN, MIN"
00-0022409,J.Babineaux,TEN
00-0035280,J.Bailey,NE
00-0019052,J.Baker,LA
00-0029048,J.Banyard,"JAX, MIN"
00-0025701,J.Battle,"KC, LAC, TEN"
00-0021253,J.Baxter,HOU
00-0025427,J.Beck,"MIA, WAS"
00-0022875,J.Bell,TEN
00-0027218,J.Bell,"CHI, DET"
00-0029319,J.Bellamy,CHI
00-0031502,J.Berry,PIT
00-0027880,J.Best,DET
00-0001215,J.Bettis,PIT
00-0001231,J.Bidwell,WAS
00-0029707,J.Blackmon,JAX
00-0001335,J.Blake,"ARI, BAL, CHI, CIN, NO, PHI"
00-0001525,J.Bostic,PHI
00-0022290,J.Bradley,DET
00-0024202,J.Branch,NO
00-0033119,J.Brissett,"IND, MIA, NE"
00-0031282,J.Britt,HOU
00-0019423,J.Brookins,BAL
00-0023558,J.Brown,BAL
00-0031051,"J.Brown, Jo. Brown, Jo.Brown","ARI, BAL, BUF"
00-0021940,"J.Brown, Josh.Brown","LA, NYG"
00-0020917,J.Burns,BUF
00-0036442,J.Burrow,CIN
00-0029143,J.Bush,NYJ
00-0034171,J.Cabinda,DET
00-0022502,J.Cain,JAX
00-0032630,J.Callahan,GB
00-0023460,J.Campbell,"CHI, CIN, CLE, LV, WAS"
00-0002655,J.Carney,NO
00-0027109,J.Casey,HOU
00-0026012,J.Caulcrick,BUF
00-0026213,J.Charles,"DEN, JAX, KC"
00-0036320,J.Charlton,CAR
00-0036900,J.Chase,CIN
00-0020820,J.Chatman,"LAC, MIA, NYJ"
00-0033464,J.Chesson,WAS
00-0036293,J.Chinn,CAR
00-0027659,J.Clausen,"BAL, CAR, CHI"
00-0028208,J.Clay,PIT
00-0026072,J.Collins,"DET, NO"
00-0027739,J.Conner,NYJ
00-0033553,J.Conner,"ARI, PIT"
00-0020391,J.Cook,"HOU, TB"
00-0027061,J.Cook,LA
00-0022811,J.Cotchery,"CAR, NYJ, PIT"
00-0023176,J.Cribbs,"CLE, NYJ"
00-0031826,J.Crockett,GB
00-0031941,J.Crowder,"NYJ, WAS"
00-0024226,J.Cutler,"CHI, DEN, MIA"
00-0032418,J.Dahl,DET
00-0036877,J.Darden,TB
00-0024158,J.Davis,CHI
00-0027130,J.Davis,"CLE, WAS"
00-0033760,J.Davis,LA
00-0004161,J.Delhomme,"CAR, CLE, HOU, NO"
00-0029722,J.Demps,TB
00-0023173,J.Denney,MIA
00-0027925,J.Develin,NE
00-0030011,J.Devey,KC
00-0036158,J.Dobbins,BAL
00-0033949,J.Dobbs,PIT
00-0032760,J.Doctson,WAS
00-0031575,J.Douglas,TEN
00-0032436,J.Driskel,"CIN, DEN, DET"
00-0022746,J.Dugan,MIN
00-0027786,J.Dwyer,"ARI, PIT"
00-0036226,J.Eason,IND
00-0027150,J.Edelman,NE
00-0004811,J.Elam,DEN
00-0033787,J.Elliott,PHI
00-0004871,J.Ellison,NE
00-0015207,Je.Smith,JAX
00-0022157,J.Faine,"CLE, NO, TB"
00-0022093,J.Fargas,LV
00-0005110,J.Fazande,LAC
00-0005113,J.Feagles,"NYG, SEA"
00-0019770,J.Feely,ARI
00-0026286,J.Felton,"BUF, CAR, DET, MIN"
00-0020173,J.Fenderson,NO
00-0031039,J.Ferentz,NE
00-0032377,J.Ferguson,"IND, WAS"
00-0005180,"J. Fiedler, J.Fiedler","JAX, MIA, NYJ"
00-0036945,J.Fields,CHI
00-0005229,J.Finn,"IND, NYG"
00-0026158,J.Flacco,"BAL, DEN, NYJ"
00-0005399,J.Fontenot,NO
00-0027709,J.Ford,LV
00-0026373,J.Forsett,"BAL, DEN, DET, HOU, JAX, SEA"
00-0032130,J.Fowler,TEN
00-0035156,J.Fox,DET
00-0030078,J.Franklin,GB
00-0034705,J.Franklin,TB
00-0026993,J.Freeman,"IND, MIN, TB"
00-0005600,J.Friesz,NE
00-0036197,J.Fromm,NYG
00-0036860,J.Funk,LA
00-0021163,J.Gaffney,HOU
00-0005720,J.Galloway,"DAL, SEA, TB"
00-0005755,J.Garcia,"CLE, DET, PHI, SF, TB"
00-0031345,J.Garoppolo,"NE, SF"
00-0005794,J.Garrett,"DAL, NYG"
00-0005885,J.George,"MIN, WAS"
00-0005902,J.Germaine,LA
00-0035042,J.Gillan,CLE
00-0033106,J.Goff,"DET, LA"
00-0019134,J.Goodspeed,LA
00-0029664,J.Gordon,"CLE, NE, SEA"
00-0006208,J.Graham,"GB, SEA"
00-0027696,J.Graham,"NO, SEA"
00-0032791,J.Grant,"CHI, MIA"
00-0021333,J.Grau,MIA
00-0029104,J.Gray,"JAX, MIA, NE"
00-0006331,J.Green,"TB, WAS"
00-0023591,J.Green,BAL
00-0022527,J.Greer,BUF
00-0022011,J.Griffith,"ATL, LV, SEA"
00-0029510,J.Grimes,"HOU, NYJ"
00-0035414,J.Guyton,LAC
00-0019579,J.Hamilton,TB
00-0006808,J.Harbaugh,LAC
00-0031570,J.Hardy,ATL
00-0036768,J.Hardy,DAL
00-0028068,J.Harper,TEN
00-0021141,J.Harrington,"ATL, DET, MIA"
00-0022363,J.Harris,CAR
00-0028845,J.Harris,ATL
00-0031450,J.Harris,PIT
00-0020712,J.Harrison,PIT
00-0024359,J.Harrison,"CLE, DET, PHI"
00-0030649,J.Harrison,"IND, NYJ"
00-0007051,J.Hartings,PIT
00-0021297,J.Hartwig,"CAR, TEN"
00-0034142,J.Hassenauer,PIT
00-0035806,J.Hasty,SF
00-0027717,J.Hawley,"ATL, TB"
00-0031493,J.Hayne,SF
00-0030196,J.Heath,"DAL, LV"
00-0028872,J.Hekker,LA
00-0036355,J.Herbert,LAC
00-0030920,J.Herndon,LAC
00-0026209,J.Hester,"DEN, LAC"
00-0025486,J.Higgins,LV
00-0025463,J.Hill,SF
00-0030216,J.Hill,NO
00-0031301,J.Hill,"CIN, NE"
00-0034975,J.Hill,BAL
00-0035013,J.Hilliman,NYG
00-0007546,J.Hodgins,"ARI, LA"
00-0033387,J.Hollister,NE
00-0032935,J.Holton,"LV, PIT"
00-0007744,J.Horn,"KC, NO"
00-0027308,J.Horne,KC
00-0032780,"J.Howard, Jo.Howard","CHI, MIA, PHI"
00-0030990,J.Huff,"PHI, TB"
00-0021313,J.Hunter,BAL
00-0036278,J.Huntley,PHI
00-0036389,J.Hurts,PHI
00-0032122,J.Iosefa,NE
00-0015218,"Ji.Smith, J.Smith",JAX
00-0020073,J.Isom,SF
00-0019682,J.Jackson,DEN
00-0020430,J.Jackson,"ARI, CLE"
00-0021504,J.Jackson,PHI
00-0034440,J.Jackson,LAC
00-0035700,J.Jacobs,LV
00-0027467,J.James,IND
00-0031001,J.Janis,GB
00-0026027,J.Jansen,CAR
00-0036322,J.Jefferson,MIN
00-0036670,J.Jefferson,DET
00-0022296,J.Jenkins,BUF
00-0028021,J.Jernigan,NYG
00-0008400,J.Jett,LV
00-0008401,J.Jett,DET
00-0036407,J.Jeudy,DEN
00-0008529,J.Johnson,MIA
00-0022141,J.Johnson,CIN
00-0025913,J.Johnson,CIN
00-0026300,J.Johnson,"BAL, CIN, CLE, NYJ, TB, WAS"
00-0026799,J.Johnson,DEN
00-0035290,J.Johnson,BUF
00-0022840,J.Jones,"DAL, NO, SEA"
00-0025460,J.Jones,"BAL, HOU"
00-0034560,J.Jones,LAC
00-0027944,"J.Jones, Ju.Jones",ATL
00-0009028,J.Kasay,CAR
00-0029159,J.Kearse,SEA
00-0028129,J.Kelce,PHI
00-0036370,J.Kelley,LAC
00-0034808,J.Kelly,"CLE, LA"
00-0028091,J.Kerley,NYJ
00-0032375,J.Kerridge,GB
00-0009311,J.Kitna,"CIN, DAL, DET, SEA"
00-0009323,J.Kleinsasser,MIN
00-0026913,J.Knox,CHI
00-0022999,J.Kuhn,"GB, NO, PIT"
00-0009530,J.Kyle,CAR
00-0031382,J.Landry,"CLE, MIA"
00-0029619,J.Lane,"MIA, TB"
00-0031569,J.Langford,"ATL, CHI"
00-0009783,J.Leeuwenburg,CIN
00-0009868,J.Lewis,CAR
00-0019238,J.Lewis,SF
00-0019693,J.Lewis,"BAL, CLE"
00-0033928,J.Lewis,DAL
00-0009869,"J.Lewis, M.Hatchette","BAL, HOU, JAX"
00-0009960,J.Linton,BUF
00-0030405,J.Locke,MIN
00-0027946,J.Locker,TEN
00-0029278,J.Looney,DAL
00-0022590,J.Lorenzen,NYG
00-0022912,J.Losman,"BUF, LV, MIA"
00-0036264,J.Love,GB
00-0035161,J.Lovett,GB
00-0036312,J.Luton,JAX
00-0026995,J.Maclin,"KC, PHI"
00-0010292,J.Makovicka,ARI
00-0033859,J.Malone,"CIN, NYJ"
00-0031409,J.Manziel,CLE
00-0010455,J.Martin,"JAX, LA, NO"
00-0021387,J.Martin,DAL
00-0020381,J.McCareins,"NYJ, TEN"
00-0021206,J.McCown,"ARI, CAR, CHI, CLE, LV, NYJ, PHI, TB"
00-0021187,J.McGraw,KC
00-0020805,J.McKie,CHI
00-0031376,J.McKinnon,"KC, MIN, SF"
00-0032602,J.McKissic,"DET, SEA, WAS"
00-0010974,J.McKnight,MIA
00-0027712,J.McKnight,"KC, NYJ"
00-0033955,J.McNichols,"IND, TEN"
00-0034960,J.Meyers,NE
00-0011279,J.Miller,PIT
00-0011276,"J. Miller, J.Miller",CHI
00-0011411,J.Mitchell,"BAL, CAR"
00-0033897,J.Mixon,CIN
00-0011506,J.Montgomery,"CAR, NYG"
00-0011573,J.Moore,NO
00-0026314,J.Morgan,"CHI, SF, WAS"
00-0028532,J.Morgan,NO
00-0011727,J.Morton,"DET, KC"
00-0020700,J.Mungro,IND
00-0033266,J.Natson,"CLE, NYJ"
00-0022827,J.Navarre,ARI
00-0026176,J.Nelson,LV
00-0032112,J.Nelson,ARI
00-0012042,J.Newberry,"LV, SF"
00-0024294,J.Norwood,"ATL, LA"
00-0026739,J.Norwood,"CLE, DEN"
00-0029492,J.Olawale,LV
00-0012437,J.Ostroski,BUF
00-0021296,J.O'Sullivan,"CIN, DET, GB, SF"
00-0024442,J.Page,KC
00-0020483,J.Palmer,NYG
00-0025592,J.Palmer,"CIN, TEN"
00-0036988,J.Palmer,LAC
00-0026316,J.Parmele,"ARI, BAL, JAX"
00-0012637,J.Pathon,IND
00-0035760,J.Patrick,SF
00-0036755,J.Patterson,WAS
00-0022255,J.Payton,TEN
00-0013042,"J. Plummer, J.Plummer","ARI, DEN"
00-0019703,J.Porter,LV
00-0030114,J.Poyer,CLE
00-0031085,J.Prosch,HOU
00-0013338,"J.Quinn, J. Quinn  (3rd QB)","CHI, JAX, KC"
00-0030388,J.Randle,DAL
00-0013467,J.Reader,PHI
00-0036387,J.Reagor,PHI
00-0019722,J.Redmond,"LV, NE"
00-0021166,J.Reed,BUF
00-0030472,J.Reed,WAS
00-0036377,J.Reed,LAC
00-0034361,J.Reid,HOU
00-0026408,J.Reitz,IND
00-0033943,J.Reynolds,LA
00-0013639,J.Rice,"LV, SF"
00-0033025,J.Richard,LV
00-0013728,J.Riemersma,BUF
00-0027120,J.Ringer,TEN
00-0013773,J.Ritchie,"LV, PHI"
00-0020587,J.Robertson,"CAR, SF"
00-0031611,J.Robinson,IND
00-0035831,J.Robinson,JAX
00-0028083,"J.Rodgers, Jz. Rodgers","ATL, CHI, TB"
00-0034343,J.Rosen,"ARI, ATL, MIA"
00-0028249,J.Ross,"BAL, DET"
00-0033460,"J.Ross, J.Ross III","CIN, NYG"
00-0032431,J.Rudock,DET
00-0025388,J.Russell,LV
00-0023742,J.Ryan,"GB, SEA"
00-0034331,J.Samuels,"HOU, PIT"
00-0014375,J.Saturday,IND
00-0035275,J.Scarlett,CAR
00-0021098,J.Scobey,ARI
00-0034162,J.Scott,GB
00-0025995,J.Senn,CAR
00-0021148,J.Shockey,NYG
00-0014902,J.Simmons,HOU
00-0021031,J.Simon,"TEN, WAS"
00-0026186,J.Simpson,CIN
00-0027754,J.Skelton,ARI
00-0022664,J.Smith,BUF
00-0033858,J.Smith,"NE, TEN"
00-0035510,J.Smith,NYJ
00-0033857,J.Smith-Schuster,PIT
00-0025631,J.Snelling,ATL
00-0019188,J. Snow,IND
00-0022744,J.Sorgi,IND
00-0015420,J.Sowell,NYJ
00-0034311,J.Stanton,CLE
00-0019518,J. Starkey,ARI
00-0027791,J.Starks,GB
00-0015698,J.Stewart,"DET, JAX"
00-0026153,J.Stewart,"CAR, NYG"
00-0029441,J.Stewart,"DEN, LV"
00-0035264,J.Stidham,NE
00-0015751,J.Stokes,SF
00-0030750,J.Stone,ATL
00-0026327,J.Sullivan,MIN
00-0016021,J. Tait,KC
00-0022679,J.Taylor,NYG
00-0036096,J.Taylor,NE
00-0036223,J.Taylor,IND
00-0030705,J.Thompson,DEN
00-0016440,J.Thrash,"PHI, WAS"
00-0028121,J.Todman,"IND, JAX, PIT"
00-0034684,J.Townsend,LV
00-0030076,J.Tretter,"CLE, GB"
00-0016654,J.Tucker,DAL
00-0029597,J.Tucker,BAL
00-0030024,J.Tuel,BUF
00-0021647,J.Urban,"ARI, KC"
00-0026644,J.Vaughan,"ATL, CAR"
00-0027674,J.Veldheer,LV
00-0036613,J.Waddle,MIA
00-0016972,J.Wade,"JAX, TB"
00-0021153,J.Walker,"DEN, GB"
00-0027683,J.Walton,DEN
00-0035924,J.Ward,ARI
00-0034676,J.Washington,PIT
00-0017303,J.Watson,LA
00-0027949,J.Watt,HOU
00-0024404,J.Webb,KC
00-0027796,J.Webb,"BUF, CAR, MIN"
00-0021223,J.Wells,HOU
00-0019057,J.White,"BAL, CLE, TB"
00-0028071,J.White,BUF
00-0031062,J.White,NE
00-0031512,J.Whitehead,GB
00-0017693,J.Wilkins,LA
00-0034400,J.Wilkins,IND
00-0017829,J.Williams,JAX
00-0019491,J.Williams,SEA
00-0027141,J.Williams,KC
00-0032975,J.Williams,"BUF, DET, IND, NO, WAS"
00-0033948,J.Williams,"DET, GB"
00-0036997,J.Williams,DEN
00-0034115,J.Wilson,SF
00-0034426,J.Wims,CHI
00-0031503,J.Winston,"NO, TB"
00-0018141,J.Witman,PIT
00-0022127,J.Witten,DAL
00-0034899,J.Wolford,LA
00-0022288,J.Wright,"ARI, ATL, CLE"
00-0029572,J.Wright,"CAR, MIN"
00-0031291,J.Wright,CIN
00-0018486,J.Zelenka,"JAX, SF"
00-0026223,J.Zuttah,TB
00-0030279,K.Allen,LAC
00-0034577,K.Allen,"CAR, WAS"
00-0021126,K.Amato,TEN
00-0000279,K.Anders,KC
00-0032152,Ka.Williams,BUF
00-0034799,K.Ballage,"LAC, MIA, NYJ, PIT"
00-0020474,K.Barlow,"NYJ, SF"
00-0030465,K.Barner,"ATL, CAR, NE, PHI, TB"
00-0026579,K.Bell,CHI
00-0034131,K.Benkert,GB
00-0031102,K.Bibbs,"DEN, GB, WAS"
00-0035099,K.Blasingame,TEN
00-0022164,K.Boller,"BAL, LA, LV"
00-0024390,K.Boothe,NYG
00-0025540,K.Boss,NYG
00-0033307,K.Bourne,NE
00-0027006,K.Britt,LA
00-0001980,K.Brown,"HOU, PIT"
00-0026268,K.Burton,LA
00-0033132,K.Byard,TEN
00-0002459,K.Bynum,LAC
00-0020754,K.Campbell,MIN
00-0031057,K.Carey,CHI
00-0002743,K.Carter,"CIN, NO, WAS"
00-0021747,K.Carter,SEA
00-0032115,K.Clay,"BUF, CAR"
00-0024264,K.Clemens,"LA, LAC, NYJ"
00-0022726,K.Colbert,CAR
00-0033681,"K.Cole, K.Cole Sr.","JAX, NYJ"
00-0019382,K.Coleman,DEN
00-0003292,"K. Collins, K.Collins","IND, LV, NYG, TEN"
00-0029604,K.Cousins,"MIN, WAS"
00-0034366,K.Coutee,HOU
00-0022001,K.Curtis,"LA, MIA"
00-0025633,K.Darby,"LA, TB"
00-0030280,K.Davis,"GB, KC"
00-0004229,K.Detmer,PHI
00-0004294,K.Dilger,IND
00-0032411,K.Dixon,BAL
00-0022039,K.Dorsey,"CLE, SF"
00-0033118,K.Drake,"ARI, LV, MIA"
00-0004694,K.Dyson,TEN
00-0023251,K.Eckel,"NE, NO, PHI"
00-0004824,K.Elias,IND
00-0024392,K.Ellison,BUF
00-0026204,"Kevin Smith, K.Smith",DET
00-0032902,K.Farrow,LAC
00-0005091,K.Faulk,NE
00-0034509,K.Ford,BUF
00-0036919,K.Gainwell,PHI
00-0030039,K.Gaskins,SF
00-0033932,K.Golladay,DET
00-0006212,K.Graham,"NYG, PIT, WAS"
00-0036983,K.Green,PIT
00-0036412,K.Hamler,DEN
00-0006777,K.Hankton,CAR
00-0035297,K.Harmon,WAS
00-0023159,K.Harris,LA
00-0019440,K.Heppner,WAS
00-0036906,K.Herbert,CHI
00-0036669,K.Hill,GB
00-0035864,K.Hinton,DEN
00-0032784,K.Hogan,CLE
00-0007576,"K. Holcomb, K.Holcomb","BUF, CLE, MIN"
00-0019503,K.Houser,SEA
00-0027103,K.Huber,CIN
00-0026819,K.Huggins,TB
00-0033923,K.Hunt,"CLE, KC"
00-0028053,K.Hunter,"NO, SF"
00-0008225,K.Jacox,LAC
00-0008560,K.Johnson,"BAL, CLE"
00-0008561,K.Johnson,"CAR, DAL, NYJ, TB"
00-0021260,K.Johnson,DEN
00-0034349,K.Johnson,DET
00-0035287,K.Johnson,ARI
00-0022782,K.Jones,"CHI, DET"
00-0029892,K.Juszczyk,"BAL, SF"
00-0020256,K.Kasper,"ARI, DEN"
00-0022206,K.Keith,IND
00-0022308,K.Kight,NE
00-0023426,K.Kincade,DAL
00-0022027,K.Kingsbury,NYJ
00-0021271,K.Kittner,ATL
00-0025423,K.Kolb,"ARI, PHI"
00-0022589,K.Larson,CIN
00-0034369,K.Lauletta,NYG
00-0010007,K.Lockett,WAS
00-0010059,K.Long,TEN
00-0026029,K.Lumpkin,"GB, NYG, TB"
00-0010174,K.Lyle,LA
00-0029415,K.Martin,"HOU, NE"
00-0010577,K.Mawae,"NYJ, TEN"
00-0010668,K.McCardell,"LAC, TB"
00-0019268,K.McDougal,IND
00-0036946,K.Mond,MIN
00-0029234,K.Moore,DAL
00-0026988,K.Moreno,"DEN, MIA"
00-0035228,K.Murray,ARI
00-0028374,K.Nelson,WAS
00-0027131,K.Null,LA
00-0036842,K.Nwangwu,MIN
00-0026234,K.O'Connell,NE
00-0026780,K.Ogletree,DAL
00-0023541,"K. Orton, K.Orton","BUF, CHI, DAL, DEN, KC"
00-0036345,K.Osborn,MIN
00-0021570,K.Osgood,LAC
00-0025535,"Ko.Smith, K.Smith",KC
00-0012480,K.Oxendine,ATL
00-0020653,K.Pearson,DET
00-0028070,K.Pilares,CAR
00-0013097,K.Poole,NO
00-0032464,K.Raymond,"DET, NYG, TEN"
00-0031420,K.Redfern,DET
00-0013682,K.Richardson,BAL
00-0020490,K.Robinson,"GB, MIN, SEA"
00-0030348,K.Robinson,"NO, NYJ"
00-0026769,K.Sheets,MIA
00-0020786,K.Simonton,BUF
00-0030968,K.Smith,"ATL, DAL, LV"
00-0015700,K.Stewart,"BAL, CHI, PIT"
00-0030085,K.Stills,"HOU, MIA, NO"
00-0029422,K.Tandy,TB
00-0030000,K.Thompkins,LV
00-0019278,K.Thompson,CLE
00-0036913,K.Toney,NYG
00-0027257,K.Toston,"JAX, LA"
00-0016723,K.Turner,PHI
00-0036450,K.Vaughn,TB
00-0017127,K.Walter,"CAR, NE"
00-0021931,K.Walter,HOU
00-0017200,"K. Warner, K.Warner","ARI, LA, NYG"
00-0022171,K.Washington,"BAL, CIN"
00-0019808,K.Watson,"CIN, WAS"
00-0031545,K.White,CHI
00-0035596,K.Whyte Jr.,PIT
00-0017847,K.Williams,"ARI, TB"
00-0017860,K.Williams,BUF
00-0024348,K.Williams,BUF
00-0027214,K.Williams,"DET, WAS"
00-0027608,K.Williams,SF
00-0030117,K.Williams,ARI
00-0032250,K.Williams,SEA
00-0022714,K.Wilson,KC
00-0022922,K.Winslow,"CLE, TB"
00-0018168,K.Wong,HOU
00-0029708,K.Wright,TEN
00-0000098,L.Aguiar,CHI
00-0026432,L.Ball,"DEN, IND"
00-0030496,L.Bell,"BAL, KC, NYJ, PIT, TB"
00-0035912,L.Bellamy,DEN
00-0021184,L.Betts,"NO, WAS"
00-0027325,L.Blount,"DET, NE, PHI, PIT, TB"
00-0025458,L.Booker,"MIA, MIN, PHI"
00-0036364,L.Bowden,MIA
00-0027804,L.Brown,BUF
00-0033060,L.Carroo,MIA
00-0002846,L.Centers,"BUF, NE, WAS"
00-0018958,L.Coles,"CIN, NYJ, WAS"
00-0034437,L.Cooke,JAX
00-0022384,L.Croom,ARI
00-0036391,L.Cushenberry,DEN
00-0033384,L.Daniels,WAS
00-0029004,L.Dunbar,"DAL, LA"
00-0032449,L.Edwards,NYJ
00-0022910,L.Evans,BUF
00-0034412,L.Falk,NYJ
00-0022921,L.Fitzgerald,ARI
00-0019231,L.Foster,DET
00-0033856,L.Fournette,"JAX, TB"
00-0005596,L.Friedman,WAS
00-0006155,L.Gordon,"BUF, IND"
00-0021209,L.Gordon,"DET, LA, MIA, PHI"
00-0026121,L.Hamilton,NO
00-0028017,L.Hankerson,WAS
00-0021343,L.Henry,MIA
00-0026344,L.Hilliard,"MIA, NE, NYJ"
00-0007520,L.Hoard,MIN
00-0008075,L.Izzo,"MIA, NE"
00-0034796,L.Jackson,BAL
00-0029260,L.James,"MIA, SF"
00-0008566,L.Johnson,NE
00-0008568,L.Johnson,"CHI, LAC, NYJ"
00-0008570,L.Johnson,NYG
00-0021976,L.Johnson,"CIN, KC, MIA, WAS"
00-0030524,L.Jones,PIT
00-0020462,L.Jordan,"DEN, LV, NE, NYJ"
00-0027985,L.Kendricks,LA
00-0023298,L.Ladouceur,DAL
00-0022529,L.Lawton,IND
00-0025934,L.Long,KC
00-0024236,L.Maroney,"DEN, NE"
00-0025524,L.McClain,"BAL, KC, LAC"
00-0022864,L.McCown,"ATL, CLE, JAX, NO, TB"
00-0027029,L.McCoy,"BUF, KC, PHI, TB"
00-0029615,L.Miller,"HOU, MIA"
00-0011585,L.Moore,"IND, WAS"
00-0023310,L.Moore,NO
00-0027089,L.Murphy,"CAR, LV"
00-0030513,L.Murray,"BAL, LV, MIN, NO"
00-0025559,L.Naanee,"CAR, LAC"
00-0011958,L.Neal,"BAL, CIN, LAC, TEN"
00-0012569,L.Parker,KC
00-0019213,L.Paxton,"DEN, NE"
00-0036269,L.Perine,NYJ
00-0012931,L.Phillips,SF
00-0022405,L.Polite,"DAL, MIA, NE"
00-0025841,L.Rankin,SEA
00-0025462,L.Robinson,LA
00-0036650,L.Rountree,LAC
00-0025682,L.Sendlein,ARI
00-0036268,"L.Shenault, L.Shenault Jr.",JAX
00-0014790,L.Shepherd,"CLE, MIA"
00-0015242,L.Smith,"CAR, MIA, NO"
00-0026956,L.Stephens-Howling,"ARI, PIT"
00-0028042,L.Stocker,TEN
00-0022180,L.Suggs,"CLE, MIA"
00-0031066,L.Taliaferro,BAL
00-0031260,L.Thomas,"ARI, BUF, WAS"
00-0032740,L.Thomas,NYJ
00-0022057,L.Toefield,JAX
00-0020536,L.Tomlinson,"LAC, NYJ"
00-0024394,L.Vickers,"CLE, DAL, HOU"
00-0017218,L.Warren,"DET, NE"
00-0024332,L.Washington,"NE, NYJ, SEA, TEN"
00-0023063,L.Weaver,"PHI, SEA"
00-0024260,L.White,TEN
00-0031757,L.Whitehead,DAL
00-0030089,L.Willson,SEA
00-0034438,L.Woodside,TEN
00-0020214,M.Allen,NYG
00-0000251,M.Alstott,TB
00-0019594,M.Anderson,"BAL, DEN"
00-0034753,M.Andrews,BAL
00-0028198,M.Asiata,MIN
00-0023921,M.Austin,DAL
00-0030522,M.Ball,DEN
00-0023544,M.Barber,"CHI, DAL"
00-0030533,M.Barkley,"BUF, CHI, PHI"
00-0000781,M.Barnes,CHI
00-0000849,M.Bartrum,"NE, PHI"
00-0000856,M.Basnight,CIN
00-0000871,M.Bates,"ARI, DET"
00-0000872,M.Bates,CAR
00-0024011,M.Bell,"CLE, DEN, NO, PHI"
00-0020514,M.Bennett,"KC, LAC, LV, MIN, TB"
00-0026201,M.Bennett,NE
00-0001157,M.Berger,"ARI, MIN, NO"
00-0001263,M.Birk,MIN
00-0001272,M.Bishop,NE
00-0001477,M.Booker,"ATL, CHI, MIA"
00-0034208,M.Boone,"DEN, MIN"
00-0028130,M.Bosher,ATL
00-0023474,M.Bradley,KC
00-0033308,M.Breida,"BUF, MIA, SF"
00-0001842,M.Brooks,CHI
00-0030400,M.Brown,BAL
00-0031806,M.Brown,"LA, MIA"
00-0032048,M.Brown,WAS
00-0035662,M.Brown,BAL
00-0002110,"M. Brunell, M.Brunell","JAX, NO, NYJ, WAS"
00-0031373,M.Bryant,"LV, PIT"
00-0019599,"M. Bulger, M.Bulger",LA
00-0031595,M.Burton,"CHI, DET, KC, NO"
00-0025487,M.Bush,"CHI, LV"
00-0031025,M.Campanaro,BAL
00-0036924,"M.Carter, Mi.Carter",NYJ
00-0023662,M.Cassel,"DAL, DET, KC, MIN, NE, TEN"
00-0022725,M.Clayton,TB
00-0023457,M.Clayton,"BAL, LA"
00-0003136,M.Cloud,"KC, NE, NYG"
00-0024466,M.Colston,NO
00-0003354,M.Compton,NE
00-0026033,M.Cox,"ATL, KC"
00-0027557,M.Cox,BAL
00-0030128,M.Cox,NYG
00-0026986,M.Crabtree,SF
00-0031716,M.Darr,"BUF, MIA"
00-0032063,M.Davis,"ATL, CAR, CHI, SEA, SF"
00-0033596,M.Dayes,CLE
00-0034160,M.Dickson,SEA
00-0027815,M.Dodge,NYG
00-0004768,M.Edwards,"CLE, JAX, NE"
00-0031408,M.Evans,TB
00-0032496,M.Farley,TEN
00-0005092,M.Faulk,LA
00-0035883,M.Ffrench,LAC
00-0005236,M.Fischer,WAS
00-0005293,M.Flanagan,GB
00-0029638,M.Floyd,ARI
00-0005366,M.Flynn,BAL
00-0026349,M.Flynn,"GB, LV, SEA"
00-0026184,M.Forte,"CHI, NYJ"
00-0019281,M.Furrey,LA
00-0032132,M.Garcia,ARI
00-0035311,M.Gaskin,MIA
00-0034829,M.Gesicki,MIA
00-0030433,M.Gillislee,"BUF, MIA, NE, NO"
00-0023569,M.Giordano,LA
00-0030520,M.Glennon,"ARI, CHI, JAX, LV, NYG, TB"
00-0027080,M.Goodson,"CAR, LV, NYJ"
00-0030068,M.Goodwin,"BUF, CHI, SF"
00-0032144,M.Gordon,"DEN, LAC"
00-0006223,M.Gramatica,TB
00-0029878,M.Gray,"CLE, MIA"
00-0019576,M.Green,TEN
00-0030999,M.Grice,ARI
00-0006516,M.Gruttadauria,ARI
00-0024824,M.Gutierrez,"KC, NE"
00-0033400,M.Haack,MIA
00-0024358,M.Hagans,"KC, LA"
00-0027347,M.Hall,ARI
00-0033094,M.Hall,"ATL, DET"
00-0027666,M.Hardesty,CLE
00-0035140,M.Hardman,KC
00-0032362,M.Harris,WAS
00-0007024,M.Harrison,IND
00-0026342,M.Hart,IND
00-0007059,M.Hartsell,CHI
00-0035950,M.Hartsfield,CAR
00-0007091,M.Hasselbeck,"GB, IND, SEA, TEN"
00-0023683,M.Hedgecock,"LA, NYG"
00-0020797,M.Hicks,SF
00-0030320,M.Hill,TB
00-0027732,M.Hoomanawanui,NO
00-0007737,M.Horan,LA
00-0027966,M.Ingram,"BAL, HOU, NO"
00-0029249,M.Ingram,LAC
00-0019153,M.Jackson,ATL
00-0030391,M.James,TB
00-0008357,M.Jenkins,ARI
00-0022781,M.Jenkins,ATL
00-0021129,M.Jennings,NYG
00-0028598,M.Jennings,GB
00-0032068,M.Johnson,CLE
00-0032980,M.Johnson,"IND, TEN"
00-0023456,M.Jones,JAX
00-0029293,M.Jones,"CIN, DET"
00-0031939,M.Jones,"IND, WAS"
00-0036972,M.Jones,NE
00-0024275,M.Jones-Drew,"JAX, LV"
00-0027722,M.Kafka,PHI
00-0022796,M.Karney,"LA, NO"
00-0023331,M.Katula,BAL
00-0029123,M.King,LV
00-0019019,M.Knorr,"DAL, DEN"
00-0023234,M.Koenen,"ATL, TB"
00-0026132,M.Lawrence,BAL
00-0031431,M.Lee,JAX
00-0020420,M.Lehr,"DAL, NO"
00-0024225,M.Leinart,"ARI, HOU, LV"
00-0027995,M.Leshoure,DET
00-0009886,M.Lewis,NYJ
00-0019600,M.Lewis,NO
00-0025399,M.Lynch,"BUF, LV, SEA"
00-0010206,M.Lytle,CAR
00-0033951,M.Mack,IND
00-0028574,M.Madu,TB
00-0026235,M.Manningham,"NYG, SF"
00-0027816,M.Mariani,"CHI, TEN"
00-0032268,M.Mariota,"LV, TEN"
00-0024561,M.Mason,WAS
00-0027026,M.Massaquoi,CLE
00-0022768,M.Mauck,TEN
00-0021488,M.McBriar,"DAL, PIT"
00-0030419,M.McGloin,LV
00-0020308,M.McMahon,"DET, PHI"
00-0022217,M.Moore,"IND, MIN, PIT"
00-0025708,M.Moore,"CAR, KC, MIA"
00-0027356,M.Moore,"MIA, SF"
00-0011640,M.Moreno,LAC
00-0021182,M.Morris,"DET, SEA"
00-0011795,M.Muhammad,CAR
00-0031959,M.Murphy,"BUF, NO"
00-0020508,M.Norris,"DET, HOU, SF"
00-0035118,M.Orzech,LA
00-0024103,M.Owens,JAX
00-0031363,M.Palardy,CAR
00-0031349,M.Paradis,DEN
00-0036245,M.Perry,MIA
00-0028177,M.Person,ATL
00-0013013,M.Pittman,"ARI, DEN, TB"
00-0036252,M.Pittman,IND
00-0027870,M.Pouncey,PIT
00-0027953,M.Pouncey,"LAC, MIA"
00-0013173,M.Powell,NO
00-0023853,M.Prater,"DEN, DET"
00-0025504,M.Ramirez,DEN
00-0026393,M.Reece,"LV, SEA"
00-0013712,M.Ricks,LAC
00-0013888,M.Robinson,CHI
00-0024315,M.Robinson,"SEA, SF"
00-0014115,M.Royals,"JAX, TB"
00-0034771,M.Rudolph,PIT
00-0026143,M.Ryan,ATL
00-0014234,M.Rypien,IND
00-0026898,M.Sanchez,"DAL, NYJ, PHI, WAS"
00-0035243,M.Sanders,PHI
00-0029632,M.Sanu,"ATL, CIN, DET, NE"
00-0036698,M.Sargent,"JAX, LA, TEN"
00-0022787,M.Schaub,"ATL, BAL, HOU, LV"
00-0022017,M.Scifres,LAC
00-0014655,M.Sellers,WAS
00-0020022,M.Shipp,ARI
00-0029151,M.Simms,NYJ
00-0032575,M.Skura,BAL
00-0026293,M.Slater,NE
00-0026500,M.Slauson,CHI
00-0018977,M.Smith,ATL
00-0022130,"M.Smith, Mu.Smith",BAL
00-0023968,M.Spurlock,"SF, TB"
00-0026498,M.Stafford,"DET, LA"
00-0015663,M.Stepnoski,DAL
00-0024305,M.Stovall,TB
00-0015830,M.Strong,SEA
00-0035480,M.Taylor,GB
00-0026577,M.Thigpen,"BUF, MIA"
00-0027076,M.Thomas,"DET, JAX"
00-0028908,M.Thomas,MIA
00-0032765,M.Thomas,NO
00-0033114,M.Thomas,CIN
00-0026069,M.Tolbert,"BUF, CAR, LAC"
00-0016538,M.Tomczak,PIT
00-0027412,M.Tonga,LV
00-0033869,M.Trubisky,"BUF, CHI"
00-0020405,M.Tuiasosopo,LV
00-0016689,M.Turk,"HOU, JAX, LA, MIA, NYJ"
00-0022821,M.Turner,"ATL, LAC"
00-0027025,M.Unger,"NO, SEA"
00-0016795,M.Unutoa,BUF
00-0034272,M.Valdes-Scantling,GB
00-0020245,M.Vick,"ATL, NYJ, PHI, PIT"
00-0026901,M.Wallace,"BAL, MIA, MIN, PIT"
00-0034679,M.Walton,"CIN, MIA"
00-0023064,M.Weeks,SEA
00-0017470,M.Westbrook,"CIN, WAS"
00-0030460,M.Wheaton,PIT
00-0034401,M.White,NYJ
00-0019614,M.Wiley,DAL
00-0017892,M.Williams,"BAL, MIN"
00-0023452,M.Williams,SEA
00-0027702,M.Williams,TB
00-0031558,M.Williams,BAL
00-0033536,M.Williams,LAC
00-0034941,M.Wishnowsky,SF
00-0031549,N.Agholor,"NE, PHI"
00-0028292,N.Bellore,"DET, SEA"
00-0031070,N.Berhe,NYG
00-0023654,N.Broughton,WAS
00-0033591,N.Brown,DAL
00-0021999,N.Burleson,"DET, MIN, SEA"
00-0034791,N.Chubb,CLE
00-0035835,N.Cottrell,JAX
00-0021252,N.Davenport,"GB, IND, PIT"
00-0020676,N.Davis,MIN
00-0029358,N.Eachus,KC
00-0031765,N.Easton,MIN
00-0029570,N.Ebner,NE
00-0035644,N.Fant,DEN
00-0029567,N.Foles,"CHI, JAX, KC, LA, PHI"
00-0033128,N.Frese,SEA
00-0019831,N.Goings,CAR
00-0022804,N.Hardwick,LAC
00-0020267,N.Harris,DET
00-0036893,N.Harris,PIT
00-0035624,N.Harry,NE
00-0035383,N.Herbig,PHI
00-0023676,N.Herron,"GB, PIT"
00-0034367,N.Hines,IND
00-0008229,N.Jacquet,MIA
00-0009038,N.Kaufman,LV
00-0017896,N.Luchey,"CIN, GB"
00-0024244,N.Mangold,NYJ
00-0036582,N.McCrary,BAL
00-0011081,N.Means,LAC
00-0033319,N.Mullens,"CLE, SF"
00-0012261,N.O'Donnell,TEN
00-0028093,N.Paul,"JAX, WAS"
00-0033958,N.Peterman,"BUF, LV"
00-0019676,N.Rackers,CIN
00-0027220,N.Roosevelt,BUF
00-0035669,N.Scott,LA
00-0032792,N.Sudfeld,PHI
00-0023774,N.Tahi,MIN
00-0029667,N.Toon,NO
00-0023367,N.Washington,"PIT, TEN"
00-0000552,O.Ayanbadejo,"ARI, BAL, MIA"
00-0031235,"O.Beckham, O.Beckham Jr.","CLE, LA, NYG"
00-0030860,O.Darkwa,"MIA, NYG"
00-0021087,O.Easy,KC
00-0005816,O.Gary,"DEN, DET"
00-0035006,O.Johnson,MIN
00-0009472,"O. Kreutz, O.Kreutz",CHI
00-0010373,O.Mare,MIA
00-0028062,O.Marecic,CLE
00-0010824,O.McDuffie,MIA
00-0022143,O.Mughelli,"ATL, BAL"
00-0025562,O.O'Neal,LV
00-0026303,O.Schmitt,"LV, PHI, SEA"
00-0022138,O.Smith,MIN
00-0035208,O.Zaccheaus,ATL
00-0032741,P.Barber,"LV, TB, WAS"
00-0019642,P.Burress,PIT
00-0035639,P.Campbell,IND
00-0027010,P.Chung,NE
00-0024172,P.Cobbs,MIA
00-0033111,P.Cooper,"ARI, LA, NYG"
00-0027417,P.Costa,DAL
00-0022766,P.Crayton,"DAL, LAC"
00-0004091,P.Dawson,CLE
00-0028581,P.DiMarco,"ATL, BUF"
00-0032208,P.Dorsett,"HOU, IND, NE"
00-0019490,P.Edinger,CHI
00-0033909,P.Elflein,"CAR, MIN"
00-0005532,P.Franklin,NO
00-0026345,P.Garcon,"IND, WAS"
00-0006100,P.Gonzalez,PIT
00-0006804,P.Hape,DEN
00-0035022,P.Hart,SEA
00-0026998,P.Harvin,"BUF, MIN, NYJ, SEA"
00-0026367,P.Hillis,"CLE, DEN, KC, NYG"
00-0007661,P.Holmes,"BAL, KC"
00-0008300,P.Jeffers,CAR
00-0008598,P.Johnson,"BAL, JAX"
00-0008970,P.Justin,LA
00-0035342,P.Laird,MIA
00-0031706,P.Lasike,CHI
00-0030268,P.Lewis,SEA
00-0034109,P.Lindsay,"DEN, HOU, MIA"
00-0033108,P.Lynch,DEN
00-0033873,P.Mahomes,KC
00-0010346,P.Manning,"DEN, IND"
00-0027145,P.McAfee,IND
00-0035112,P.Mekari,BAL
00-0031079,P.O'Donnell,CHI
00-0027450,P.Parker,TB
00-0019533,P.Pass,NE
00-0032417,P.Perkins,"DET, NYG"
00-0027943,P.Peterson,ARI
00-0023881,P.Pope,DEN
00-0013232,P.Price,"ATL, BUF, DAL"
00-0021379,P.Ramsey,"DEN, NYJ, WAS"
00-0033376,P.Ricard,BAL
00-0031257,P.Richardson,"SEA, WAS"
00-0022942,P.Rivers,"IND, LAC"
00-0019673,P.Smith,"DET, SF"
00-0028613,P.Tanner,DAL
00-0035973,P.Taylor,GB
00-0024813,P.Thomas,"NO, SF, WAS"
00-0016479,P.Tillman,ARI
00-0033275,P.Walker,CAR
00-0019455,P.Warrick,"CIN, SEA"
00-0027020,P.White,MIA
00-0035350,P.Williams,MIA
00-0031514,Q.Bray,IND
00-0020404,Q.Carter,"DAL, NYJ"
00-0026716,Q.Cosby,CIN
00-0031023,Q.Enunwa,NYJ
00-0024460,Q.Ganther,"BUF, TEN, WAS"
00-0020613,Q.Gray,"JAX, KC"
00-0022095,Q.Griffin,DEN
00-0008059,Q.Ismail,BAL
00-0027106,Q.Johnson,TEN
00-0027122,Q.Lawrence,KC
00-0020340,Q.McCord,ATL
00-0020427,Q.Morgan,"CLE, DAL"
00-0034342,Q.Nelson,IND
00-0035273,Q.Ollison,ATL
00-0030450,Q.Patton,SF
00-0036271,Q.Watkins,PHI
00-0022801,Q.Wilson,CIN
00-0000007,R.Abdullah,"CHI, NE, TB"
00-0030653,R.Agnew,CLE
00-0022228,R.Alexis,JAX
00-0000339,R.Anderson,"DAL, NYJ"
00-0032688,"R.Anderson, Ro.Anderson","CAR, NYJ"
00-0000387,R.Anthony,TB
00-0035268,R.Armstead,JAX
00-0019919,Ra.Williams,DAL
00-0025749,R.Bartel,ARI
00-0031306,R.Bodine,CIN
00-0034578,R.Bonnafon,CAR
00-0019826,R.Bowers,PIT
00-0001669,R.Braham,CIN
00-0027583,R.Brockel,CAR
00-0002027,R.Brown,SEA
00-0023437,R.Brown,"HOU, LAC, MIA, PHI"
00-0023470,R.Brown,PHI
00-0030288,R.Burkhead,"CIN, HOU, NE"
00-0024217,R.Bush,"BUF, DET, MIA, NO, SF"
00-0021176,R.Caldwell,"LAC, NE"
00-0002701,R.Carruth,CAR
00-0022431,R.Carthon,IND
00-0021357,R.Cartwright,"LV, WAS"
00-0002873,R.Chancey,"DAL, LAC"
00-0020312,R.Chevrier,DAL
00-0020840,R.Clark,PIT
00-0028002,R.Cobb,"DAL, GB, HOU"
00-0019725,R.Cooper,DET
00-0022564,R.Cruz,KC
00-0003761,R.Cunningham,"BAL, DAL, MIN"
00-0021337,R.Curry,LV
00-0021238,R.Davey,NE
00-0023429,R.Davis,CHI
00-0019643,"R. Dayne, R.Dayne","DEN, HOU, NYG"
00-0020333,R.DeMulling,IND
00-0019662,R.Dixon,NYG
00-0032943,R.Dixon,"DEN, NYG"
00-0036139,R.Dowdle,DAL
00-0019610,R.Droughns,"CLE, DEN, DET, NYG"
00-0004574,R.Dudley,LV
00-0004586,R.Duffy,PIT
00-0004774,R.Edwards,MIA
00-0029587,R.Ellison,MIN
00-0021254,R.Fasani,CAR
00-0020428,R.Ferguson,GB
00-0035652,R.Finley,CIN
00-0023682,R.Fitzpatrick,"BUF, CIN, HOU, LA, MIA, NYJ, TB, TEN, WAS"
00-0005446,R.Fortin,LAC
00-0034510,R.Foster,BUF
00-0034838,R.Freeman,"CAR, DEN, HOU"
00-0034411,R.Gage,ATL
00-0005741,"R. Gannon, R.Gannon",LV
00-0020525,R.Gardner,WAS
00-0020260,R.Garza,CHI
00-0036187,R.Gilliam,BUF
00-0028954,R.Golden,PIT
00-0023252,R.Gould,CHI
00-0030233,R.Graham,HOU
00-0022984,R.Grant,"GB, WAS"
00-0034179,R.Greene,GB
00-0029857,R.Griffin III,TB
00-0029665,"R.Griffin, R.Griffin III","BAL, CLE, WAS"
00-0027656,R.Gronkowski,NE
00-0022121,R.Grossman,"CHI, HOU, WAS"
00-0006989,R.Harris,"DEN, NE"
00-0028043,R.Helu,"LV, WAS"
00-0031187,R.Herron,TB
00-0030780,R.Hewitt,CIN
00-0007387,R.Hicks,BUF
00-0032977,R.Higgins,CLE
00-0029683,R.Hillman,"DEN, LAC, MIN"
00-0020389,R.Hochstein,KC
00-0023642,R.Hodges,CLE
00-0007579,R.Holcombe,"LA, TEN"
00-0028007,R.Housler,ARI
00-0027993,R.Hudson,"ARI, KC, LV"
00-0028345,R.Hughes,"ARI, IND"
00-0007969,R.Huntley,"CAR, DET, PIT"
00-0020984,R.Hymes,BAL
00-0023516,R.Incognito,"LA, MIA"
00-0008060,R.Ismail,DAL
00-0034286,R.James Jr.,SF
00-0019025,R.Jenkins,LAC
00-0027155,R.Jennings,"JAX, LV, NYG"
00-0029895,R.Jensen,"BAL, TB"
00-0008612,R.Johnson,"BUF, LV, TB, WAS"
00-0027067,R.Johnson,ARI
00-0020407,"R.Johnson, Ru.Johnson","CIN, DET"
00-0034816,R.Jones,TB
00-0008921,R.Jordan,LV
00-0025446,R.Kalil,"CAR, NYJ"
00-0032371,R.Kelley,WAS
00-0032383,R.Kelly,IND
00-0009417,R.Konrad,MIA
00-0009715,R.Leaf,"DAL, LAC"
00-0021673,R.Lee,"DAL, GB, LV"
00-0019310,R.Lindell,BUF
00-0029531,R.Lindley,"ARI, IND"
00-0028442,R.Lockette,SEA
00-0010072,R.Longwell,MIN
00-0010137,"R. Lucas, R.Lucas","MIA, NYJ"
00-0021509,R.Mahe,PHI
00-0028012,R.Mallett,"BAL, HOU, NE"
00-0023607,R.Marshall,SF
00-0027864,"R.Mathews, Ry.Mathews","LAC, PHI"
00-0029580,R.Matthews,"MIA, TEN"
00-0025568,R.Mauia,MIA
00-0034407,R.McCloud,"BUF, PIT"
00-0021236,R.McMichael,MIA
00-0024407,R.McNeal,CIN
00-0025414,R.Meachem,"LAC, NO"
00-0019534,R.Mealey,GB
00-0026163,R.Mendenhall,"ARI, PIT"
00-0030170,R.Miles,NYJ
00-0011378,R.Mirer,"LV, NYJ, SF"
00-0023512,R.Moats,"HOU, PHI"
00-0036936,R.Moore,ARI
00-0011754,R.Moss,"MIN, NE"
00-0031687,R.Mostert,SF
00-0028416,R.Murphy,JAX
00-0034597,R.Nall,CHI
00-0030586,R.Nassib,NYG
00-0023982,R.Neill,BUF
00-0018578,R.Neufeld,BUF
00-0024188,R.Niswanger,KC
00-0030741,R.Nix,PIT
00-0023490,R.Parrish,BUF
00-0012732,R.Peete,"CAR, WAS"
00-0034750,R.Penny,SEA
00-0022145,R.Pontbriand,CLE
00-0013176,R.Powell,CLE
00-0013268,R.Proehl,"CAR, LA"
00-0029493,R.Quigley,"MIN, NYJ"
00-0013523,R.Reed,LAC
00-0026195,R.Rice,BAL
00-0013785,R.Rivers,"ATL, DET"
00-0031384,R.Rodgers,GB
00-0021273,R.Royal,BUF
00-0014256,R.Salaam,CLE
00-0020138,R.Seubert,NYG
00-0014759,R.Shehee,KC
00-0030147,R.Shepard,"CAR, TB"
00-0019453,R.Smart,"CAR, PHI"
00-0015286,R.Smith,MIN
00-0015290,R.Smith,DEN
00-0027775,R.Smith,TEN
00-0031900,R.Smith,"DAL, SEA"
00-0035957,R.Smith,CAR
00-0019604,R.Soward,JAX
00-0036875,R.Stevenson,NE
00-0029129,R.Streater,"CLE, LV"
00-0015980,R.Swinton,"DAL, DET"
00-0033562,R.Switzer,"DAL, PIT"
00-0029701,R.Tannehill,"MIA, TEN"
00-0016061,R.Tate,MIN
00-0016316,R.Thomas,DAL
00-0016321,R.Thomas,"ATL, TEN"
00-0034221,R.Thomas,MIN
00-0026279,R.Torain,"DEN, WAS"
00-0019807,R.Tucker,BUF
00-0029273,R.Turbin,"CLE, DAL, IND, SEA"
00-0023316,R.Ventrone,CLE
00-0017322,R.Watters,SEA
00-0020498,R.Wayne,IND
00-0023462,R.White,ATL
00-0017915,R.Williams,"BAL, MIA, NO"
00-0017923,R.Williams,NYG
00-0020739,R.Williams,IND
00-0022889,R.Williams,JAX
00-0023570,R.Williams,TEN
00-0027976,R.Williams,ARI
00-0029263,R.Wilson,SEA
00-0029791,R.Wingo,BUF
00-0030431,R.Woods,"BUF, LA"
00-0036020,S.Ahmed,MIA
00-0019647,S.Alexander,"SEA, WAS"
00-0030532,S.Bailey,LA
00-0034844,S.Barkley,NYG
00-0001112,S.Bennett,NYG
00-0001218,S.Beuerlein,"CAR, DEN"
00-0001471,S.Bono,CAR
00-0027854,S.Bradford,"ARI, LA, MIN, PHI"
00-0025529,S.Breaston,"ARI, KC"
00-0002159,S.Bryson,"BUF, DET"
00-0028174,S.Burton,JAX
00-0035039,S.Carlson,CLE
00-0002787,S.Case,"BAL, DET"
00-0034496,S.Chandler,CAR
00-0019790,S.Cheek,KC
00-0032166,S.Coates,PIT
00-0023537,S.Considine,BAL
00-0003557,S.Covington,"CIN, LA"
00-0034869,S.Darnold,"CAR, NYJ"
00-0004052,S.Davis,"CAR, LA, WAS"
00-0029868,S.Dawson,TB
00-0031588,S.Diggs,"BUF, MIN"
00-0028202,S.Draughn,"BAL, CLE, KC, LAC, SF"
00-0036879,S.Ehlinger,IND
00-0005609,S.Frost,CLE
00-0023074,S.Gado,"GB, HOU, LA, MIA"
00-0005822,S.Gash,"BAL, BUF"
00-0024340,S.Green,CIN
00-0026899,S.Greene,"NYJ, TEN"
00-0029006,S.Hakim,NYJ
00-0028178,S.Havili,"IND, PHI"
00-0020679,"Sh.Hill, S.Hill","DET, LA, MIN, SF"
00-0007389,S.Hicks,"TEN, WAS"
00-0024240,S.Holmes,"NYJ, PIT"
00-0008046,S.Irvin,DET
00-0022736,S.Jackson,"ATL, LA, NE"
00-0008313,S.Jefferson,"ATL, DET"
00-0031243,S.Johnson,JAX
00-0026364,"S.Johnson, St.Johnson",BUF
00-0028082,S.Keo,HOU
00-0009266,S.King,"ARI, TB"
00-0024417,S.Koch,BAL
00-0009584,S.Landeta,PHI
00-0028347,S.Lanning,CLE
00-0026323,S.Larsen,DEN
00-0019714,"S. Lechler, S.Lechler","HOU, LV"
00-0026491,S.Logan,DET
00-0031047,S.Long,NYJ
00-0010240,S.Mack,"HOU, JAX"
00-0022021,S.Mahan,TB
00-0032245,S.Mannion,"LA, MIN"
00-0030092,S.Martin,"DEN, DET"
00-0010560,"S. Matthews, S.Matthews","BUF, CHI, WAS"
00-0021581,S.McCullough,WAS
00-0020293,S.McDermott,HOU
00-0021981,S.McDonald,"DET, LA"
00-0027071,S.McGee,DAL
00-0010966,S.McKinney,HOU
00-0011024,S.McNair,"BAL, TEN"
00-0034845,S.Michel,"LA, NE"
00-0035298,S.Miller,TB
00-0011434,S.Mitchell,"BAL, CIN"
00-0019109,S.Montgomery,DEN
00-0011641,S.Morey,ARI
00-0035399,S.Morgan,CIN
00-0019484,S.Morris,"BUF, DAL, MIA, NE"
00-0019726,S.Morris,KC
00-0020494,S.Moss,"NYJ, WAS"
00-0024259,S.Moss,NYG
00-0035062,S.Mustipher,CHI
00-0030663,"Snead IV, W.Snead","BAL, NO"
00-0032592,S.Neasman,ATL
00-0019276,S.O'Hara,"CLE, NYG"
00-0022754,S.Parker,KC
00-0030839,S.Patton,TB
00-0033526,S.Perine,"CIN, MIA, WAS"
00-0031209,S.Perry,"BUF, MIA, TEN"
00-0036069,S.Phillips,HOU
00-0013028,"S. Player, S.Player",ARI
00-0013262,S.Pritchett,"ATL, CHI, MIA, PHI"
00-0032911,S.Pulley,LAC
00-0031008,S.Redd,WAS
00-0030569,S.Renfree,ATL
00-0025431,S.Rice,"MIN, SEA"
00-0030573,S.Richardson,NYJ
00-0028011,S.Ridley,"ATL, NE, NYJ, PIT"
00-0031166,S.Roberts,LV
00-0020480,"S. Rosenfels, S.Rosenfels","HOU, MIA, NYG"
00-0025447,S.Satele,"LV, MIA"
00-0028139,S.Schilling,SEA
00-0027770,S.Schillinger,ATL
00-0014742,S.Shaw,"CIN, CLE"
00-0032385,S.Shepard,NYG
00-0034928,S.Sims,WAS
00-0026229,S.Slaton,"HOU, MIA"
00-0020337,S.Smith,CAR
00-0021679,S.Smith,KC
00-0036572,S.Smith,CAR
00-0015627,S.Stenstrom,SF
00-0018971,S.Stith,JAX
00-0026953,S.Stroughter,TB
00-0023001,S.Suisham,PIT
00-0030282,S.Taylor,ARI
00-0034279,St. Brown,GB
00-0036963,St. Brown,DET
00-0028595,S.Tolzien,"GB, IND"
00-0020094,S.Trejo,DET
00-0025619,S.Vallos,SEA
00-0027994,S.Vereen,"NE, NYG"
00-0021530,S.Vines,DET
00-0022055,S.Wallace,"CLE, GB, SEA"
00-0017121,S.Walsh,IND
00-0030414,S.Ware,"KC, SEA"
00-0031325,S.Watkins,"BUF, KC"
00-0024110,S.Weatherford,"NO, NYG, NYJ"
00-0022832,S.Wells,"GB, LA"
00-0022538,S.Williams,BUF
00-0030471,S.Williams,CIN
00-0034621,S.Wilson,TB
00-0027986,S.Wisniewski,"JAX, LV"
00-0019553,S.Wynn,"CLE, MIN"
00-0031684,S.Wynn,JAX
00-0018441,S.Young,SF
00-0024549,S.Young,DEN
00-0018518,S.Zolak,MIA
00-0000104,T.Aikman,DAL
00-0000232,T.Allen,"BAL, NE, NO"
00-0027862,T.Alualu,JAX
00-0030525,T.Austin,"DAL, JAX, LA"
00-0000721,T.Banks,JAX
00-0000722,T.Banks,"BAL, HOU, WAS"
00-0000745,T.Barber,NYG
00-0000811,T.Barnhardt,NO
00-0022893,T.Bell,"DEN, DET"
00-0029269,T.Benjamin,"CLE, LAC"
00-0036376,T.Biadasz,DAL
00-0001224,T.Biakabutuka,CAR
00-0030112,T.Bohanon,"JAX, NYJ"
00-0001545,T.Bouman,"JAX, MIN, NO"
00-0033009,T.Boyd,CIN
00-0032462,T.Boykin,SEA
00-0034177,T.Boyle,"DET, GB"
00-0019596,T.Brady,"NE, TB"
00-0027121,T.Brandstater,LA
00-0030151,T.Bray,"CHI, KC"
00-0031237,T.Bridgewater,"CAR, DEN, MIN, NO"
00-0035551,T.Brooks-James,"ATL, PIT"
00-0002058,T.Brown,LV
00-0002068,T.Brown,NE
00-0019192,T.Brown,"BUF, SEA"
00-0030710,T.Burton,"CHI, IND, PHI"
00-0029205,T.Cadet,"BUF, CAR, NO, NYJ, SF"
00-0022087,T.Calico,TEN
00-0019649,T.Canidate,"LA, WAS"
00-0034164,T.Cannon,"BAL, CAR, NYJ, SF"
00-0032540,T.Carson,"DET, GB"
00-0021174,T.Carter,NYG
00-0025672,T.Castille,KC
00-0026262,T.Choice,"BUF, DAL, IND, WAS"
00-0025573,T.Clayton,"CLE, NE"
00-0033556,T.Cohen,CHI
00-0032058,T.Coleman,"ATL, NYJ, SF"
00-0003315,"T. Collins, T.Collins","CHI, KC, WAS"
00-0022388,T.Copper,"DAL, KC, NO"
00-0003535,T.Couch,CLE
00-0004054,T.Davis,"DEN, LV"
00-0004060,T.Davis,NO
00-0032423,T.Davis,"GB, LV"
00-0004230,T.Detmer,"CLE, DET"
00-0004293,T.Dilfer,"BAL, CLE, SEA, SF, TB"
00-0021376,T.Duckett,"ATL, DET, SEA, WAS"
00-0004673,T.Dwight,"ATL, LAC, LV, NE, NYJ"
00-0033838,T.Edmunds,"NO, PIT"
00-0004780,T.Edwards,"JAX, LA, PIT"
00-0025479,T.Edwards,"BUF, JAX, PHI"
00-0032404,T.Ervin,"GB, HOU"
00-0027093,T.Fiammetta,"CAR, DAL"
00-0020964,"T.Fisher, To.Fisher","GB, LA"
00-0022825,T.Fleming,TEN
00-0005324,T.Fletcher,LAC
00-0031228,T.Gabriel,"ATL, CHI, CLE"
00-0023740,T.Gafford,KC
00-0027888,T.Gerhart,"JAX, MIN"
00-0025396,T.Ginn,"ARI, CAR, MIA, NO, SF"
00-0006043,T.Glenn,"DAL, NE"
00-0035313,T.Godwin,JAX
00-0027788,T.Goethel,LV
00-0006101,T.Gonzalez,KC
00-0006181,T.Gowin,NO
00-0029660,T.Graham,BUF
00-0006299,T.Graziani,ATL
00-0033748,T.Green,DET
00-0006355,"T. Green, T.Green","KC, LA, MIA"
00-0032241,T.Gurley,"ATL, LA"
00-0019516,T.Hambrick,"ARI, DAL"
00-0019816,T.Hasselbeck,"ARI, NYG, WAS"
00-0020516,T.Heap,BAL
00-0031800,T.Heinicke,"CAR, HOU, WAS"
00-0020471,T.Henry,"BUF, DEN, TEN"
00-0033110,T.Higbee,LA
00-0036410,T.Higgins,CIN
00-0026289,T.Hightower,"ARI, NO, WAS"
00-0033040,T.Hill,KC
00-0033357,T.Hill,NO
00-0036856,T.Hill,CIN
00-0029608,T.Hilton,IND
00-0035229,T.Hockenson,DET
00-0027606,T.Holliday,DEN
00-0022116,T.Hollings,HOU
00-0007681,T.Holt,LA
00-0035594,T.Homer,SEA
00-0030781,T.Hopkins,CIN
00-0007749,T.Horne,LA
00-0020438,T.Houshmandzadeh,CIN
00-0025477,T.Hunt,PHI
00-0035993,T.Huntley,BAL
00-0019622,T.Husak,WAS
00-0007993,T.Hutton,MIA
00-0008196,T.Jackson,SF
00-0024279,T.Jackson,"MIN, SEA"
00-0022124,T.Jacobs,"SF, WAS"
00-0008391,T.Jervey,"ATL, SF"
00-0035457,T.Johnson,LAC
00-0035537,"T.Johnson, Ty.Johnson","DET, NYJ"
00-0019641,T.Jones,"ARI, CHI, KC, NYJ, TB"
00-0028063,T.Jones,"HOU, LV"
00-0031189,T.Jones,DET
00-0035860,T.Jones,NO
00-0008961,T.Junkin,ARI
00-0032445,T.Karras,MIA
00-0030506,T.Kelce,KC
00-0035544,T.Kennedy,DET
00-0030091,T.King,NYG
00-0009288,T.Kirby,"CLE, LV"
00-0037012,T.Lance,SF
00-0027607,T.Larsen,TB
00-0036971,T.Lawrence,JAX
00-0027253,T.Lewis,"BUF, CLE"
00-0032881,T.Lewis,NO
00-0032211,T.Lockett,SEA
00-0033789,T.Logan,"ARI, TB"
00-0031543,T.Long,LAC
00-0032472,T.Madden,SEA
00-0010261,"T. Maddox, T.Maddox",PIT
00-0031768,T.Magee,"BAL, SEA"
00-0010477,T.Martin,MIA
00-0019633,T.Martin,"LV, PIT"
00-0031391,T.Mason,LA
00-0026664,T.Masthay,GB
00-0010539,T.Mathis,ATL
00-0010596,T.Mayberry,TB
00-0032123,T.McBride,TEN
00-0010711,T.McClure,ATL
00-0032475,T.McEvoy,SEA
00-0035659,T.McLaurin,WAS
00-0035146,T.McSorley,BAL
00-0020448,T.Minor,"LA, MIA"
00-0033373,T.Mizzell,CHI
00-0032200,T.Montgomery,"BAL, GB, NO, NYJ"
00-0027114,T.Morstead,NO
00-0011902,T.Myslinski,DAL
00-0011915,T.Nalen,DEN
00-0022045,T.Newman,DAL
00-0012478,T.Owens,"BUF, DAL, PHI, SF"
00-0024812,T.Palko,KC
00-0033375,T.Patrick,DEN
00-0023623,T.Perry,CIN
00-0027801,T.Pike,CAR
00-0019606,T.Pinkston,PHI
00-0035261,T.Pollard,DAL
00-0029401,T.Poole,CAR
00-0033164,T.Pope,"LAC, NYJ, SEA"
00-0019609,T.Prentice,"CLE, MIN"
00-0028825,T.Pryor,"BUF, CLE, LV"
00-0034339,T.Quinn,WAS
00-0036523,T.Ragas,LV
00-0019623,T.Rattay,"ARI, SF, TB"
00-0031897,T.Rawls,SEA
00-0013694,T.Richardson,"KC, MIN, NYJ"
00-0029675,T.Richardson,"CLE, IND"
00-0030107,T.Riddick,"DET, LV"
00-0029066,T.Robinson,CIN
00-0021678,T.Romo,DAL
00-0014083,T.Rouen,"DEN, NYG"
00-0014377,T.Sauerbrun,"CAR, CHI"
00-0031064,T.Savage,HOU
00-0024276,T.Scheffler,"DEN, DET"
00-0018949,T.Seder,DAL
00-0036984,T.Sermon,SF
00-0032778,T.Sharpe,TEN
00-0030827,T.Shatley,JAX
00-0032156,T.Siemian,"DEN, NO, NYJ"
00-0015063,T.Small,PHI
00-0019587,T.Smith,"ARI, CLE, NO"
00-0025561,T.Smith,"BAL, SF"
00-0027996,T.Smith,"BAL, PHI"
00-0034278,T.Smith,HOU
00-0034765,T.Smith,NO
00-0015655,T.Stephens,LAC
00-0036433,T.Stevens,CAR
00-0015811,T.Streets,SF
00-0026790,T.Sutton,CAR
00-0036212,T.Tagovailoa,MIA
00-0022797,T.Tapeh,PHI
00-0019721,T.Taylor,"BAL, MIN"
00-0020112,T.Taylor,DAL
00-0033911,T.Taylor,TEN
00-0028118,"T.Taylor, Ty.Taylor","BAL, BUF, CLE, HOU, LAC"
00-0016160,T.Teague,BUF
00-0027876,T.Tebow,"DEN, NYJ"
00-0025604,T.Thigpen,"BUF, KC, MIA"
00-0016331,T.Thomas,"BUF, MIA"
00-0023192,T.Thompson,DAL
00-0035889,T.Townsend,KC
00-0037005,T.Tremble,CAR
00-0016683,T.Tupa,"NYJ, TB"
00-0027156,T.Underwood,TB
00-0016842,T.Vardell,SF
00-0031526,T.Varga,IND
00-0019552,T.Walters,"IND, MIN"
00-0031682,T.Ward,ATL
00-0017279,T.Washington,TB
00-0030856,T.Washington,JAX
00-0031793,T.Watson,"PHI, PIT"
00-0030985,T.Watts,LA
00-0030140,T.Way,WAS
00-0035259,T.Wesco,NYJ
00-0031375,T.West,"BAL, CLE, TEN"
00-0017486,T.Wheatley,LV
00-0017697,T.Wilkins,"IND, LA"
00-0023761,T.Williams,ATL
00-0030542,T.Williams,DAL
00-0031531,T.Williams,IND
00-0035291,T.Williams,CIN
00-0036457,T.Williams,BAL
00-0023442,T.Williamson,"JAX, MIN"
00-0029410,T.Wilson,DET
00-0021064,T.Wragge,LA
00-0029910,T.Wright,"NE, TB"
00-0028090,T.Yates,"ATL, HOU"
00-0032209,T.Yeldon,"BUF, JAX"
00-0027982,T.Young,DET
00-0032160,Ty.Williams,LAC
00-0029547,V.Ballard,IND
00-0027265,V.Cruz,NYG
00-0024221,V.Davis,SF
00-0028142,V.Green,DEN
00-0021279,V.Haynes,PIT
00-0023496,V.Jackson,"LAC, TB"
00-0036415,V.Jefferson,LA
00-0022224,V.King,MIA
00-0022397,V.Leach,"BAL, HOU"
00-0032188,V.Mayle,BAL
00-0030470,V.McDonald,PIT
00-0023508,V.Morency,"GB, HOU"
00-0034631,V.Smith,NYJ
00-0020273,V.Sutherland,SF
00-0016193,V.Testaverde,"CAR, DAL, NE, NYJ"
00-0024218,V.Young,"PHI, TEN"
00-0002962,W.Chrebet,NYJ
00-0020973,W.Dantzler,ATL
00-0034159,W.Dissly,SEA
00-0004640,W.Dunn,"ATL, TB"
00-0005361,W.Floyd,CAR
00-0021150,W.Green,CLE
00-0035251,W.Grier,CAR
00-0019481,W.Hayes,NYJ
00-0007254,W.Henderson,GB
00-0035489,W.Hills,DET
00-0028841,"Wi.Johnson, W.Johnson",PIT
00-0008210,W.Jackson,NO
00-0031314,W.Johnson,NYJ
00-0024384,W.Lundy,HOU
00-0032569,W.Lutz,NO
00-0022178,W.McGahee,"BAL, BUF, CLE, DEN"
00-0010843,W.McGarity,DAL
00-0024448,W.Montgomery,"CHI, WAS"
00-0011524,W.Moon,KC
00-0012368,W.Oliver,ATL
00-0022250,W.Parker,PIT
00-0012832,W.Perry,NO
00-0021923,W.Ponder,NYG
00-0028736,W.Powell,ARI
00-0031238,W.Richburg,SF
00-0013699,W.Richey,SF
00-0032782,W.Smallwood,"PHI, WAS"
00-0026557,W.Ta'ufo'ou,JAX
00-0027905,W.Tukuafu,SEA
00-0022427,W.Welker,"MIA, NE"
00-0020046,W.Williams,GB
00-0026319,X.Omon,BUF
00-0025461,Y.Figurs,"BAL, CLE, DET"
00-0003663,Z.Crockett,"LV, TB"
00-0025503,Z.DeOssie,NYG
00-0030061,Z.Ertz,"ARI, PHI"
00-0030997,Z.Fulton,KC
00-0033891,Z.Jones,"BUF, LV"
00-0023384,Z.Keasey,SF
00-0029931,Z.Line,"MIN, NO"
00-0031266,Z.Mettenberger,TEN
00-0027125,Z.Miller,JAX
00-0036251,Z.Moss,BUF
00-0033251,Z.Pascal,IND
00-0030536,Z.Stacy,"LA, NYJ"
00-0030855,Z.Tipton,IND
00-0037013,Z.Wilson,NYJ
00-0031665,Z.Zenner,"ARI, DET, NO"
